-- phpMyAdmin SQL Dump
-- version 2.11.11.3
-- http://www.phpmyadmin.net
--
-- Host: 50.63.226.168
-- Generation Time: Mar 30, 2013 at 10:48 PM
-- Server version: 5.0.96
-- PHP Version: 5.1.6

SET SQL_MODE="NO_AUTO_VALUE_ON_ZERO";


/*!40101 SET @OLD_CHARACTER_SET_CLIENT=@@CHARACTER_SET_CLIENT */;
/*!40101 SET @OLD_CHARACTER_SET_RESULTS=@@CHARACTER_SET_RESULTS */;
/*!40101 SET @OLD_COLLATION_CONNECTION=@@COLLATION_CONNECTION */;
/*!40101 SET NAMES utf8 */;

--
-- Database: `firebirdspeed256`
--

-- --------------------------------------------------------

--
-- Table structure for table `category`
--

CREATE TABLE `category` (
  `id` int(11) NOT NULL auto_increment,
  `category_name` varchar(250) NOT NULL,
  `description` text NOT NULL,
  `status` int(1) NOT NULL,
  `date` datetime NOT NULL,
  PRIMARY KEY  (`id`)
) ENGINE=InnoDB  DEFAULT CHARSET=latin1 AUTO_INCREMENT=6 ;

--
-- Dumping data for table `category`
--

INSERT INTO `category` VALUES(2, 'Class Room', 'This is Class Room', 0, '0000-00-00 00:00:00');
INSERT INTO `category` VALUES(3, 'SpeedCentre', 'SpeedCentre', 1, '0000-00-00 00:00:00');
INSERT INTO `category` VALUES(4, 'Sooty', 'Sooty', 1, '0000-00-00 00:00:00');
INSERT INTO `category` VALUES(5, 'Events Centre', 'Events Centre', 1, '0000-00-00 00:00:00');

-- --------------------------------------------------------

--
-- Table structure for table `ci_sessions`
--

CREATE TABLE `ci_sessions` (
  `session_id` varchar(40) NOT NULL default '0',
  `ip_address` varchar(45) NOT NULL default '0',
  `user_agent` varchar(120) NOT NULL,
  `last_activity` int(10) unsigned NOT NULL default '0',
  `user_data` text NOT NULL,
  PRIMARY KEY  (`session_id`),
  KEY `last_activity_idx` (`last_activity`)
) ENGINE=InnoDB DEFAULT CHARSET=latin1;

--
-- Dumping data for table `ci_sessions`
--


-- --------------------------------------------------------

--
-- Table structure for table `company_registration`
--

CREATE TABLE `company_registration` (
  `id` int(11) NOT NULL auto_increment,
  `user_id` int(11) NOT NULL,
  `first_name` varchar(100) NOT NULL,
  `last_name` varchar(100) NOT NULL,
  `title` varchar(100) NOT NULL,
  `company_name` varchar(100) NOT NULL,
  `introduction_for_investors` varchar(100) NOT NULL,
  `type` varchar(100) NOT NULL,
  `address` varchar(250) NOT NULL,
  `city` varchar(100) NOT NULL,
  `state` varchar(100) NOT NULL,
  `country` varchar(100) NOT NULL,
  `zipcode` int(10) NOT NULL,
  `phone` varchar(25) NOT NULL,
  `email1` varchar(200) NOT NULL,
  `email2` varchar(200) NOT NULL,
  `company_url` varchar(100) NOT NULL,
  `facebook_url_personal` varchar(250) NOT NULL,
  `facebook_url_company` varchar(250) NOT NULL,
  `vkontekte_address_personal` varchar(250) NOT NULL,
  `vkontekte_address_company` varchar(250) NOT NULL,
  `odnoklassniki_address_personal` varchar(250) NOT NULL,
  `odnoklassniki_address_company` varchar(250) NOT NULL,
  `linkedin_url` varchar(250) NOT NULL,
  `twitter` varchar(100) NOT NULL,
  `is_company_registered` tinyint(1) NOT NULL,
  `company_details` varchar(500) NOT NULL,
  `company_registration_doc` varchar(100) NOT NULL,
  `business_plans` varchar(100) NOT NULL,
  `financial_uploads` varchar(100) NOT NULL,
  `min_amount_requested` float(10,2) NOT NULL,
  `investment_towards` varchar(250) NOT NULL,
  `interested_in_incrowdsourcing` tinyint(1) NOT NULL,
  `interested_in_bd` tinyint(1) NOT NULL,
  `strategy_details` varchar(250) NOT NULL,
  `investor_preference` varchar(250) NOT NULL,
  `ideal_investor` varchar(250) NOT NULL,
  `bios_pics1` varchar(250) NOT NULL,
  `bios_pics2` varchar(250) NOT NULL,
  `bios_pics3` varchar(250) NOT NULL,
  `bios_pics4` varchar(250) NOT NULL,
  `bios_pics5` varchar(250) NOT NULL,
  `current_valuation` varchar(250) NOT NULL,
  `image` varchar(250) NOT NULL,
  `major_assets` varchar(250) NOT NULL,
  `marketing_material1` varchar(250) NOT NULL,
  `marketing_material2` varchar(250) NOT NULL,
  `marketing_material3` varchar(250) NOT NULL,
  `marketing_material4` varchar(250) NOT NULL,
  `marketing_material5` varchar(250) NOT NULL,
  `feedback_upload` varchar(250) NOT NULL,
  `feedback_text` varchar(250) NOT NULL,
  `short_term_goals` varchar(500) NOT NULL,
  `companies_you_emulate` varchar(500) NOT NULL,
  `competitors` varchar(500) NOT NULL,
  `market_research` varchar(500) NOT NULL,
  `create_date` datetime NOT NULL,
  `status` tinyint(1) NOT NULL,
  PRIMARY KEY  (`id`)
) ENGINE=InnoDB  DEFAULT CHARSET=latin1 AUTO_INCREMENT=4 ;

--
-- Dumping data for table `company_registration`
--

INSERT INTO `company_registration` VALUES(1, 0, 'test', 'tera', 'Mr', 'asdfasdf', '0', 'Design and Publishing Software', 'sdasdf', 'werwe', 'asdfs', '0', 44563786, '765878676', 'manojujn@gmail.com', '', '0', '', '', '', '', '', '', '', '', 0, 'sdfgdf', '', '', '', 0.00, '', 0, 0, '', '0', '', '', '', '', '', '', '', '', '', '', '', '', '', '', '', '', '', '', '', '', '2013-03-30 09:14:52', 0);
INSERT INTO `company_registration` VALUES(2, 18, 'Manoj', 'Agrawal', 'Mr', 'Matic Technology', '0', 'Design and Publishing Software', 'sdasdf', 'Indore', 'MP', '0', 452010, '44243545', 'manojujn@gmail.com', '', '0', '', '', '', '', '', '', '', '', 0, '', '', '', '', 0.00, '', 0, 0, '', '0', '', '', '', '', '', '', '', '', '', '', '', '', '', '', '', '', '', '', '', '', '2013-03-30 09:18:07', 0);
INSERT INTO `company_registration` VALUES(3, 24, 'Manish', 'Gautam', 'Mr', 'admin', '0', 'Digital Advertising/Marketing Technology', '42-A Prime City', 'Indore', 'Madhya Pradesh', '0', 452001, '9926476542', 'manish4377@gmail.com', '', '0', 'zendmanish', 'Company', 'Vkontekte', 'Company Vkontekte', 'Personal Odnoklassniki Address:', 'Company Odnoklassniki Address:', 'Company Odnoklassniki Address:', 'Company Odnoklassniki Address:', 0, 'Company Odnoklassniki Address:Company Odnoklassniki Address:', '', '', '', 123333.00, '111111111', 0, 0, 'Company Odnoklassniki Address:', 'Accelerator', 'Company Odnoklassniki Address: Company Odnoklassniki Address:', '', '', '', '', '', 'Company Odnoklassniki Address:', '', 'Company Odnoklassniki Address:', '', '', '', '', '', '', 'Company Odnoklassniki Address:', 'Company Odnoklassniki Address:', 'Company Odnoklassniki Address:', 'Company Odnoklassniki Address:', 'Company Odnoklassniki Address:', '2013-03-30 08:48:35', 1);

-- --------------------------------------------------------

--
-- Table structure for table `contactus`
--

CREATE TABLE `contactus` (
  `id` int(11) NOT NULL auto_increment,
  `cname` varchar(255) NOT NULL,
  `csubject` varchar(255) NOT NULL,
  `cmail` varchar(255) NOT NULL,
  `contactno` varchar(50) NOT NULL,
  `description` text NOT NULL,
  `cdate` timestamp NOT NULL default CURRENT_TIMESTAMP,
  `ipaddress` varchar(50) NOT NULL,
  PRIMARY KEY  (`id`)
) ENGINE=InnoDB  DEFAULT CHARSET=latin1 AUTO_INCREMENT=2 ;

--
-- Dumping data for table `contactus`
--

INSERT INTO `contactus` VALUES(1, 'Satya', 'Thanks you message for testing', 'prosatya@gmail.com', '9926048442', 'Thanks you message for testing', '2013-03-30 05:07:38', '');

-- --------------------------------------------------------

--
-- Table structure for table `manage_menu`
--

CREATE TABLE `manage_menu` (
  `menu_id` int(11) NOT NULL auto_increment,
  `menu_name` varchar(100) NOT NULL,
  `menu_order` tinyint(4) NOT NULL,
  `menu_parent` tinyint(4) NOT NULL,
  `is_header` tinyint(1) NOT NULL default '0' COMMENT '1 for header menu, 0 for no header menu ',
  `is_footer` tinyint(1) NOT NULL default '0' COMMENT '1 for footer menu, 0 for no footer menu',
  `publish` tinyint(1) NOT NULL default '0' COMMENT '1 for active menu, 0 for active menu',
  `date_created` timestamp NOT NULL default CURRENT_TIMESTAMP,
  `modified_date` datetime NOT NULL,
  PRIMARY KEY  (`menu_id`)
) ENGINE=InnoDB  DEFAULT CHARSET=latin1 AUTO_INCREMENT=4 ;

--
-- Dumping data for table `manage_menu`
--

INSERT INTO `manage_menu` VALUES(1, 'Home', 0, 1, 1, 1, 1, '2013-03-25 06:47:57', '0000-00-00 00:00:00');
INSERT INTO `manage_menu` VALUES(2, 'Showcase', 1, 1, 1, 1, 1, '2013-03-25 02:51:00', '2013-03-27 06:22:00');
INSERT INTO `manage_menu` VALUES(3, 'Featured Investors', 0, 2, 1, 1, 1, '2013-03-25 06:53:32', '0000-00-00 00:00:00');

-- --------------------------------------------------------

--
-- Table structure for table `meeting_relation`
--

CREATE TABLE `meeting_relation` (
  `meeting_id` int(11) NOT NULL auto_increment,
  `to_user_id` int(11) NOT NULL,
  `from_user_id` int(11) NOT NULL,
  `status` tinyint(1) NOT NULL,
  `created_time` timestamp NOT NULL default CURRENT_TIMESTAMP,
  `meeting_time` datetime NOT NULL,
  PRIMARY KEY  (`meeting_id`)
) ENGINE=InnoDB DEFAULT CHARSET=latin1 AUTO_INCREMENT=1 ;

--
-- Dumping data for table `meeting_relation`
--


-- --------------------------------------------------------

--
-- Table structure for table `meeting_room`
--

CREATE TABLE `meeting_room` (
  `id` int(11) NOT NULL auto_increment,
  `click_id` int(11) NOT NULL,
  `room_type` varchar(255) NOT NULL,
  `room_pin` varchar(255) NOT NULL,
  `name` varchar(255) NOT NULL,
  `name_url` text NOT NULL,
  `starts_at` varchar(255) NOT NULL,
  `ends_at` varchar(255) NOT NULL,
  `description` text NOT NULL,
  `access_type` tinyint(1) NOT NULL,
  `lobby_enabled` tinyint(1) NOT NULL,
  `lobby_description` text NOT NULL,
  `status` varchar(100) NOT NULL,
  `created_at` varchar(255) NOT NULL,
  `updated_at` varchar(255) NOT NULL,
  `permanent_room` varchar(255) NOT NULL,
  `ccc` varchar(100) NOT NULL,
  `listener` varchar(255) NOT NULL,
  `presenter` varchar(255) NOT NULL,
  `host` varchar(255) NOT NULL,
  `room_url` text NOT NULL,
  `phone_presenter_pin` int(11) NOT NULL,
  `phone_listener_pin` int(11) NOT NULL,
  `embed_room_url` text NOT NULL,
  `is_deleted` tinyint(1) NOT NULL default '0' COMMENT '0 for undelete, 1 deleted',
  PRIMARY KEY  (`id`)
) ENGINE=InnoDB  DEFAULT CHARSET=latin1 AUTO_INCREMENT=9 ;

--
-- Dumping data for table `meeting_room`
--

INSERT INTO `meeting_room` VALUES(1, 87936, 'meeting', '928973956', 'Crowd Funding  Russia Event', 'sajid', '2013-04-19T08:41:00-04:00', '2013-04-19T09:41:00-04:00', 'This is test', 1, 1, '', 'active', '2013-03-18T08:32:37-04:00', '2013-03-28T23:19:11-04:00', '', '2013-04-19 12:41:00', '6732e02747a322c6eb2e1b005155082f', 'dfd20a10a2861c5d8157bd005155082f', 'a6d6bf3ac9a137d6c5d75f005155082f', 'http://firebird35.clickmeeting.com/sajid', 624631, 642492, 'https://embed.clickmeeting.com/embed_conference.html?r=152861087936', 0);
INSERT INTO `meeting_room` VALUES(2, 87977, 'meeting', '521851445', 'ManishGautamsoft', 'ManishGautam', '2013-03-28T13:27:00-04:00', '2013-03-28T14:27:00-04:00', 'This is test2', 1, 1, '', 'active', '2013-03-18T10:13:03-04:00', '2013-03-19T07:03:13-04:00', '', '2013-03-28 17:27:00', '964fc5ce9a1ec5e3ca635500514845f1', '883509a0bfb642a6cec15500514845f1', 'b9ec994fe1dcdcb3c386ba00514845f1', 'http://firebird35.clickmeeting.com/ManishGautam', 962276, 618911, 'https://embed.clickmeeting.com/embed_conference.html?r=152861087977', 0);
INSERT INTO `meeting_room` VALUES(3, 87992, 'meeting', '494811683', 'UmaSharma', 'Uma12345', '2013-04-25T08:27:00-04:00', '2013-04-25T09:27:00-04:00', 'Thi is test', 1, 1, '', 'active', '2013-03-18T10:41:47-04:00', '2013-03-19T07:07:11-04:00', '', '2013-04-25 12:27:00', '534ed7e1656a88fc12578b00514846df', '286b6de9ef3897d071440b00514846df', '446d79e0d5722b61f8fd7100514846df', 'http://firebird35.clickmeeting.com/Uma12345', 418194, 274615, 'https://embed.clickmeeting.com/embed_conference.html?r=152861087992', 0);
INSERT INTO `meeting_room` VALUES(4, 87993, 'meeting', '461593399', 'Yogi', 'Yogi', '2013-03-30T11:27:00-04:00', '2013-03-30T12:27:00-04:00', 'Thi is test', 1, 1, '', 'active', '2013-03-18T10:42:02-04:00', '2013-03-18T10:42:02-04:00', '', '2013-03-30 15:27:00', 'c63a6854b2d3116f6bbbd800514727ba', 'e994651e84f5184076b77100514727ba', 'fc5b819ccf209d1c7e8bd800514727ba', 'http://firebird35.clickmeeting.com/Yogi', 152416, 765527, 'https://embed.clickmeeting.com/embed_conference.html?r=152861087993', 0);
INSERT INTO `meeting_room` VALUES(5, 88414, 'meeting', '597559531', 'manoj', 'manoj', '2013-03-28T10:28:00-04:00', '2013-03-28T11:28:00-04:00', 'This is test', 1, 1, '', 'active', '2013-03-19T11:57:35-04:00', '2013-03-19T11:57:35-04:00', '', '2013-03-28 14:28:00', 'b8e5c0cc2d8778e3301d6c0051488aef', 'ffedb8c328ecb45bdefb2e0051488aef', '182b73f27b5a360eb7e1dc0051488aef', 'http://firebird35.clickmeeting.com/manoj', 839268, 376716, 'https://embed.clickmeeting.com/embed_conference.html?r=152861088414', 0);
INSERT INTO `meeting_room` VALUES(6, 91080, 'meeting', '125278286', 'AbhijeetS', 'AbhijeetS', '', '', 'This is test for abhi', 1, 1, '', 'active', '2013-03-28T13:00:18-04:00', '2013-03-28T13:00:18-04:00', '1', '', 'b80f45bb1eca6f6049e3610051547722', 'a4a936b93bf19306c74d760051547722', '15082420df42b72a8685ff0051547722', 'http://firebird35.clickmeeting.com/AbhijeetS', 226951, 323335, 'https://embed.clickmeeting.com/embed_conference.html?r=152861091080', 0);
INSERT INTO `meeting_room` VALUES(7, 91081, 'meeting', '665264777', 'AbhijeetSh', 'AbhijeetSh', '', '', 'This is test for abhi', 1, 1, '', 'active', '2013-03-28T13:01:53-04:00', '2013-03-28T13:01:53-04:00', '1', '', 'd23ee1d50afaa05c1331af0051547781', 'b396133724d5db480d3b2a0051547781', 'c71996320637783e31bed60051547781', 'http://firebird35.clickmeeting.com/AbhijeetSh', 383549, 111957, 'https://embed.clickmeeting.com/embed_conference.html?r=152861091081', 0);
INSERT INTO `meeting_room` VALUES(8, 91190, 'meeting', '188338425', 'Crowd Funding Event', 'Crowd_Funding_Event', '2013-03-26T02:07:00-04:00', '2013-03-26T03:07:00-04:00', 'Here is the detail', 1, 1, '', 'active', '2013-03-28T23:17:39-04:00', '2013-03-28T23:17:39-04:00', '', '2013-03-26 06:07:00', 'b25292958449c0ff20eba800515507d3', 'a75a84f6fcff5f4bcf717000515507d3', 'c94d9ff7e366a91cfdd0f100515507d3', 'http://firebird35.clickmeeting.com/Crowd_Funding_Event', 678895, 247218, 'https://embed.clickmeeting.com/embed_conference.html?r=152861091190', 0);

-- --------------------------------------------------------

--
-- Table structure for table `meeting_user`
--

CREATE TABLE `meeting_user` (
  `user_id` int(11) NOT NULL,
  `name` varchar(255) NOT NULL,
  `email` varchar(255) NOT NULL,
  `password` varchar(50) NOT NULL,
  `status` tinyint(1) NOT NULL,
  `created_date` timestamp NOT NULL default CURRENT_TIMESTAMP,
  `modified_date` datetime NOT NULL
) ENGINE=InnoDB DEFAULT CHARSET=latin1;

--
-- Dumping data for table `meeting_user`
--


-- --------------------------------------------------------

--
-- Table structure for table `pages`
--

CREATE TABLE `pages` (
  `id` int(11) NOT NULL auto_increment,
  `page_title` text NOT NULL,
  `page_name` varchar(100) NOT NULL,
  `page_slug` varchar(255) NOT NULL,
  `page_heading` varchar(255) NOT NULL,
  `page_keywords` text NOT NULL,
  `page_meta` text NOT NULL,
  `page_desc` text NOT NULL,
  `publish` tinyint(1) NOT NULL,
  `status` tinyint(1) NOT NULL default '0' COMMENT '0 for deactive,1 for active',
  PRIMARY KEY  (`id`)
) ENGINE=InnoDB  DEFAULT CHARSET=latin1 AUTO_INCREMENT=16 ;

--
-- Dumping data for table `pages`
--

INSERT INTO `pages` VALUES(1, 'Firebird Speed - where today''s investors find the ideas that will change tomorrow.', 'Home', 'Home', 'Firebird Speed - where today''s investors find the ideas that will change tomorrow.', 'Firebird Speed, CrowdFundign, Speedfunding, Company and Investor', 'Firebird Speed - where today''s investors find the ideas that will change tomorrow.', '<h1 style="font-size:16px;  padding-left:24px;">Home- Firebird Speed - where today''s investors find the ideas that will change tomorrow.</h1>', 1, 1);
INSERT INTO `pages` VALUES(2, 'About us :Firebird Speed - where today''s investors find the ideas that will change tomorrow.', 'About Us', 'about-us', 'About Us', 'Firebird Speed is a speed-funding service for start-up businesses and projects in Russia, the C.I.S. to use to quickly find interested investors in the US and Western Europe of various sizes and capabilities, as well as through crowdsourcing.  We aim to help, in a personalized, comfortable fashion to help investors meet with multiple technology and new media businesses/projects sorted by area of specialty, investment requirements, and other factors specific to the needs of both businesses and investors.  The concept is to allow extremely unique, first-hand access without wasting your time or worrying about security, confidentiality, and the ability to perform needed due diligence.', 'Firebird Speed is a speed-funding service for start-up businesses and projects in Russia, the C.I.S. to use to quickly find interested investors in the US and Western Europe of various sizes and capabilities, as well as through crowdsourcing.  We aim to help, in a personalized, comfortable fashion to help investors meet with multiple technology and new media businesses/projects sorted by area of specialty, investment requirements, and other factors specific to the needs of both businesses and investors.  The concept is to allow extremely unique, first-hand access without wasting your time or worrying about security, confidentiality, and the ability to perform needed due diligence.', '<p><!--[if gte mso 9]><xml>\n<o:OfficeDocumentSettings>\n<o:AllowPNG />\n</o:OfficeDocumentSettings>\n</xml><![endif]--></p>\n<p><!--[if gte mso 9]><xml>\n<w:WordDocument>\n<w:View>Normal</w:View>\n<w:Zoom>0</w:Zoom>\n<w:TrackMoves />\n<w:TrackFormatting />\n<w:PunctuationKerning />\n<w:ValidateAgainstSchemas />\n<w:SaveIfXMLInvalid>false</w:SaveIfXMLInvalid>\n<w:IgnoreMixedContent>false</w:IgnoreMixedContent>\n<w:AlwaysShowPlaceholderText>false</w:AlwaysShowPlaceholderText>\n<w:DoNotPromoteQF />\n<w:LidThemeOther>EN-US</w:LidThemeOther>\n<w:LidThemeAsian>X-NONE</w:LidThemeAsian>\n<w:LidThemeComplexScript>X-NONE</w:LidThemeComplexScript>\n<w:Compatibility>\n<w:BreakWrappedTables />\n<w:SnapToGridInCell />\n<w:WrapTextWithPunct />\n<w:UseAsianBreakRules />\n<w:DontGrowAutofit />\n<w:SplitPgBreakAndParaMark />\n<w:DontVertAlignCellWithSp />\n<w:DontBreakConstrainedForcedTables />\n<w:DontVertAlignInTxbx />\n<w:Word11KerningPairs />\n<w:CachedColBalance />\n<w:UseFELayout />\n</w:Compatibility>\n<w:DoNotOptimizeForBrowser />\n<m:mathPr>\n<m:mathFont m:val="Cambria Math" />\n<m:brkBin m:val="before" />\n<m:brkBinSub m:val="&#45;-" />\n<m:smallFrac m:val="off" />\n<m:dispDef />\n<m:lMargin m:val="0" />\n<m:rMargin m:val="0" />\n<m:defJc m:val="centerGroup" />\n<m:wrapIndent m:val="1440" />\n<m:intLim m:val="subSup" />\n<m:naryLim m:val="undOvr" />\n</m:mathPr></w:WordDocument>\n</xml><![endif]--><!--[if gte mso 9]><xml>\n<w:LatentStyles DefLockedState="false" DefUnhideWhenUsed="true"\nDefSemiHidden="true" DefQFormat="false" DefPriority="99"\nLatentStyleCount="267">\n<w:LsdException Locked="false" Priority="0" SemiHidden="false"\nUnhideWhenUsed="false" QFormat="true" Name="Normal" />\n<w:LsdException Locked="false" Priority="9" SemiHidden="false"\nUnhideWhenUsed="false" QFormat="true" Name="heading 1" />\n<w:LsdException Locked="false" Priority="9" QFormat="true" Name="heading 2" />\n<w:LsdException Locked="false" Priority="9" QFormat="true" Name="heading 3" />\n<w:LsdException Locked="false" Priority="9" QFormat="true" Name="heading 4" />\n<w:LsdException Locked="false" Priority="9" QFormat="true" Name="heading 5" />\n<w:LsdException Locked="false" Priority="9" QFormat="true" Name="heading 6" />\n<w:LsdException Locked="false" Priority="9" QFormat="true" Name="heading 7" />\n<w:LsdException Locked="false" Priority="9" QFormat="true" Name="heading 8" />\n<w:LsdException Locked="false" Priority="9" QFormat="true" Name="heading 9" />\n<w:LsdException Locked="false" Priority="39" Name="toc 1" />\n<w:LsdException Locked="false" Priority="39" Name="toc 2" />\n<w:LsdException Locked="false" Priority="39" Name="toc 3" />\n<w:LsdException Locked="false" Priority="39" Name="toc 4" />\n<w:LsdException Locked="false" Priority="39" Name="toc 5" />\n<w:LsdException Locked="false" Priority="39" Name="toc 6" />\n<w:LsdException Locked="false" Priority="39" Name="toc 7" />\n<w:LsdException Locked="false" Priority="39" Name="toc 8" />\n<w:LsdException Locked="false" Priority="39" Name="toc 9" />\n<w:LsdException Locked="false" Priority="35" QFormat="true" Name="caption" />\n<w:LsdException Locked="false" Priority="10" SemiHidden="false"\nUnhideWhenUsed="false" QFormat="true" Name="Title" />\n<w:LsdException Locked="false" Priority="1" Name="Default Paragraph Font" />\n<w:LsdException Locked="false" Priority="11" SemiHidden="false"\nUnhideWhenUsed="false" QFormat="true" Name="Subtitle" />\n<w:LsdException Locked="false" Priority="22" SemiHidden="false"\nUnhideWhenUsed="false" QFormat="true" Name="Strong" />\n<w:LsdException Locked="false" Priority="20" SemiHidden="false"\nUnhideWhenUsed="false" QFormat="true" Name="Emphasis" />\n<w:LsdException Locked="false" Priority="59" SemiHidden="false"\nUnhideWhenUsed="false" Name="Table Grid" />\n<w:LsdException Locked="false" UnhideWhenUsed="false" Name="Placeholder Text" />\n<w:LsdException Locked="false" Priority="1" SemiHidden="false"\nUnhideWhenUsed="false" QFormat="true" Name="No Spacing" />\n<w:LsdException Locked="false" Priority="60" SemiHidden="false"\nUnhideWhenUsed="false" Name="Light Shading" />\n<w:LsdException Locked="false" Priority="61" SemiHidden="false"\nUnhideWhenUsed="false" Name="Light List" />\n<w:LsdException Locked="false" Priority="62" SemiHidden="false"\nUnhideWhenUsed="false" Name="Light Grid" />\n<w:LsdException Locked="false" Priority="63" SemiHidden="false"\nUnhideWhenUsed="false" Name="Medium Shading 1" />\n<w:LsdException Locked="false" Priority="64" SemiHidden="false"\nUnhideWhenUsed="false" Name="Medium Shading 2" />\n<w:LsdException Locked="false" Priority="65" SemiHidden="false"\nUnhideWhenUsed="false" Name="Medium List 1" />\n<w:LsdException Locked="false" Priority="66" SemiHidden="false"\nUnhideWhenUsed="false" Name="Medium List 2" />\n<w:LsdException Locked="false" Priority="67" SemiHidden="false"\nUnhideWhenUsed="false" Name="Medium Grid 1" />\n<w:LsdException Locked="false" Priority="68" SemiHidden="false"\nUnhideWhenUsed="false" Name="Medium Grid 2" />\n<w:LsdException Locked="false" Priority="69" SemiHidden="false"\nUnhideWhenUsed="false" Name="Medium Grid 3" />\n<w:LsdException Locked="false" Priority="70" SemiHidden="false"\nUnhideWhenUsed="false" Name="Dark List" />\n<w:LsdException Locked="false" Priority="71" SemiHidden="false"\nUnhideWhenUsed="false" Name="Colorful Shading" />\n<w:LsdException Locked="false" Priority="72" SemiHidden="false"\nUnhideWhenUsed="false" Name="Colorful List" />\n<w:LsdException Locked="false" Priority="73" SemiHidden="false"\nUnhideWhenUsed="false" Name="Colorful Grid" />\n<w:LsdException Locked="false" Priority="60" SemiHidden="false"\nUnhideWhenUsed="false" Name="Light Shading Accent 1" />\n<w:LsdException Locked="false" Priority="61" SemiHidden="false"\nUnhideWhenUsed="false" Name="Light List Accent 1" />\n<w:LsdException Locked="false" Priority="62" SemiHidden="false"\nUnhideWhenUsed="false" Name="Light Grid Accent 1" />\n<w:LsdException Locked="false" Priority="63" SemiHidden="false"\nUnhideWhenUsed="false" Name="Medium Shading 1 Accent 1" />\n<w:LsdException Locked="false" Priority="64" SemiHidden="false"\nUnhideWhenUsed="false" Name="Medium Shading 2 Accent 1" />\n<w:LsdException Locked="false" Priority="65" SemiHidden="false"\nUnhideWhenUsed="false" Name="Medium List 1 Accent 1" />\n<w:LsdException Locked="false" UnhideWhenUsed="false" Name="Revision" />\n<w:LsdException Locked="false" Priority="34" SemiHidden="false"\nUnhideWhenUsed="false" QFormat="true" Name="List Paragraph" />\n<w:LsdException Locked="false" Priority="29" SemiHidden="false"\nUnhideWhenUsed="false" QFormat="true" Name="Quote" />\n<w:LsdException Locked="false" Priority="30" SemiHidden="false"\nUnhideWhenUsed="false" QFormat="true" Name="Intense Quote" />\n<w:LsdException Locked="false" Priority="66" SemiHidden="false"\nUnhideWhenUsed="false" Name="Medium List 2 Accent 1" />\n<w:LsdException Locked="false" Priority="67" SemiHidden="false"\nUnhideWhenUsed="false" Name="Medium Grid 1 Accent 1" />\n<w:LsdException Locked="false" Priority="68" SemiHidden="false"\nUnhideWhenUsed="false" Name="Medium Grid 2 Accent 1" />\n<w:LsdException Locked="false" Priority="69" SemiHidden="false"\nUnhideWhenUsed="false" Name="Medium Grid 3 Accent 1" />\n<w:LsdException Locked="false" Priority="70" SemiHidden="false"\nUnhideWhenUsed="false" Name="Dark List Accent 1" />\n<w:LsdException Locked="false" Priority="71" SemiHidden="false"\nUnhideWhenUsed="false" Name="Colorful Shading Accent 1" />\n<w:LsdException Locked="false" Priority="72" SemiHidden="false"\nUnhideWhenUsed="false" Name="Colorful List Accent 1" />\n<w:LsdException Locked="false" Priority="73" SemiHidden="false"\nUnhideWhenUsed="false" Name="Colorful Grid Accent 1" />\n<w:LsdException Locked="false" Priority="60" SemiHidden="false"\nUnhideWhenUsed="false" Name="Light Shading Accent 2" />\n<w:LsdException Locked="false" Priority="61" SemiHidden="false"\nUnhideWhenUsed="false" Name="Light List Accent 2" />\n<w:LsdException Locked="false" Priority="62" SemiHidden="false"\nUnhideWhenUsed="false" Name="Light Grid Accent 2" />\n<w:LsdException Locked="false" Priority="63" SemiHidden="false"\nUnhideWhenUsed="false" Name="Medium Shading 1 Accent 2" />\n<w:LsdException Locked="false" Priority="64" SemiHidden="false"\nUnhideWhenUsed="false" Name="Medium Shading 2 Accent 2" />\n<w:LsdException Locked="false" Priority="65" SemiHidden="false"\nUnhideWhenUsed="false" Name="Medium List 1 Accent 2" />\n<w:LsdException Locked="false" Priority="66" SemiHidden="false"\nUnhideWhenUsed="false" Name="Medium List 2 Accent 2" />\n<w:LsdException Locked="false" Priority="67" SemiHidden="false"\nUnhideWhenUsed="false" Name="Medium Grid 1 Accent 2" />\n<w:LsdException Locked="false" Priority="68" SemiHidden="false"\nUnhideWhenUsed="false" Name="Medium Grid 2 Accent 2" />\n<w:LsdException Locked="false" Priority="69" SemiHidden="false"\nUnhideWhenUsed="false" Name="Medium Grid 3 Accent 2" />\n<w:LsdException Locked="false" Priority="70" SemiHidden="false"\nUnhideWhenUsed="false" Name="Dark List Accent 2" />\n<w:LsdException Locked="false" Priority="71" SemiHidden="false"\nUnhideWhenUsed="false" Name="Colorful Shading Accent 2" />\n<w:LsdException Locked="false" Priority="72" SemiHidden="false"\nUnhideWhenUsed="false" Name="Colorful List Accent 2" />\n<w:LsdException Locked="false" Priority="73" SemiHidden="false"\nUnhideWhenUsed="false" Name="Colorful Grid Accent 2" />\n<w:LsdException Locked="false" Priority="60" SemiHidden="false"\nUnhideWhenUsed="false" Name="Light Shading Accent 3" />\n<w:LsdException Locked="false" Priority="61" SemiHidden="false"\nUnhideWhenUsed="false" Name="Light List Accent 3" />\n<w:LsdException Locked="false" Priority="62" SemiHidden="false"\nUnhideWhenUsed="false" Name="Light Grid Accent 3" />\n<w:LsdException Locked="false" Priority="63" SemiHidden="false"\nUnhideWhenUsed="false" Name="Medium Shading 1 Accent 3" />\n<w:LsdException Locked="false" Priority="64" SemiHidden="false"\nUnhideWhenUsed="false" Name="Medium Shading 2 Accent 3" />\n<w:LsdException Locked="false" Priority="65" SemiHidden="false"\nUnhideWhenUsed="false" Name="Medium List 1 Accent 3" />\n<w:LsdException Locked="false" Priority="66" SemiHidden="false"\nUnhideWhenUsed="false" Name="Medium List 2 Accent 3" />\n<w:LsdException Locked="false" Priority="67" SemiHidden="false"\nUnhideWhenUsed="false" Name="Medium Grid 1 Accent 3" />\n<w:LsdException Locked="false" Priority="68" SemiHidden="false"\nUnhideWhenUsed="false" Name="Medium Grid 2 Accent 3" />\n<w:LsdException Locked="false" Priority="69" SemiHidden="false"\nUnhideWhenUsed="false" Name="Medium Grid 3 Accent 3" />\n<w:LsdException Locked="false" Priority="70" SemiHidden="false"\nUnhideWhenUsed="false" Name="Dark List Accent 3" />\n<w:LsdException Locked="false" Priority="71" SemiHidden="false"\nUnhideWhenUsed="false" Name="Colorful Shading Accent 3" />\n<w:LsdException Locked="false" Priority="72" SemiHidden="false"\nUnhideWhenUsed="false" Name="Colorful List Accent 3" />\n<w:LsdException Locked="false" Priority="73" SemiHidden="false"\nUnhideWhenUsed="false" Name="Colorful Grid Accent 3" />\n<w:LsdException Locked="false" Priority="60" SemiHidden="false"\nUnhideWhenUsed="false" Name="Light Shading Accent 4" />\n<w:LsdException Locked="false" Priority="61" SemiHidden="false"\nUnhideWhenUsed="false" Name="Light List Accent 4" />\n<w:LsdException Locked="false" Priority="62" SemiHidden="false"\nUnhideWhenUsed="false" Name="Light Grid Accent 4" />\n<w:LsdException Locked="false" Priority="63" SemiHidden="false"\nUnhideWhenUsed="false" Name="Medium Shading 1 Accent 4" />\n<w:LsdException Locked="false" Priority="64" SemiHidden="false"\nUnhideWhenUsed="false" Name="Medium Shading 2 Accent 4" />\n<w:LsdException Locked="false" Priority="65" SemiHidden="false"\nUnhideWhenUsed="false" Name="Medium List 1 Accent 4" />\n<w:LsdException Locked="false" Priority="66" SemiHidden="false"\nUnhideWhenUsed="false" Name="Medium List 2 Accent 4" />\n<w:LsdException Locked="false" Priority="67" SemiHidden="false"\nUnhideWhenUsed="false" Name="Medium Grid 1 Accent 4" />\n<w:LsdException Locked="false" Priority="68" SemiHidden="false"\nUnhideWhenUsed="false" Name="Medium Grid 2 Accent 4" />\n<w:LsdException Locked="false" Priority="69" SemiHidden="false"\nUnhideWhenUsed="false" Name="Medium Grid 3 Accent 4" />\n<w:LsdException Locked="false" Priority="70" SemiHidden="false"\nUnhideWhenUsed="false" Name="Dark List Accent 4" />\n<w:LsdException Locked="false" Priority="71" SemiHidden="false"\nUnhideWhenUsed="false" Name="Colorful Shading Accent 4" />\n<w:LsdException Locked="false" Priority="72" SemiHidden="false"\nUnhideWhenUsed="false" Name="Colorful List Accent 4" />\n<w:LsdException Locked="false" Priority="73" SemiHidden="false"\nUnhideWhenUsed="false" Name="Colorful Grid Accent 4" />\n<w:LsdException Locked="false" Priority="60" SemiHidden="false"\nUnhideWhenUsed="false" Name="Light Shading Accent 5" />\n<w:LsdException Locked="false" Priority="61" SemiHidden="false"\nUnhideWhenUsed="false" Name="Light List Accent 5" />\n<w:LsdException Locked="false" Priority="62" SemiHidden="false"\nUnhideWhenUsed="false" Name="Light Grid Accent 5" />\n<w:LsdException Locked="false" Priority="63" SemiHidden="false"\nUnhideWhenUsed="false" Name="Medium Shading 1 Accent 5" />\n<w:LsdException Locked="false" Priority="64" SemiHidden="false"\nUnhideWhenUsed="false" Name="Medium Shading 2 Accent 5" />\n<w:LsdException Locked="false" Priority="65" SemiHidden="false"\nUnhideWhenUsed="false" Name="Medium List 1 Accent 5" />\n<w:LsdException Locked="false" Priority="66" SemiHidden="false"\nUnhideWhenUsed="false" Name="Medium List 2 Accent 5" />\n<w:LsdException Locked="false" Priority="67" SemiHidden="false"\nUnhideWhenUsed="false" Name="Medium Grid 1 Accent 5" />\n<w:LsdException Locked="false" Priority="68" SemiHidden="false"\nUnhideWhenUsed="false" Name="Medium Grid 2 Accent 5" />\n<w:LsdException Locked="false" Priority="69" SemiHidden="false"\nUnhideWhenUsed="false" Name="Medium Grid 3 Accent 5" />\n<w:LsdException Locked="false" Priority="70" SemiHidden="false"\nUnhideWhenUsed="false" Name="Dark List Accent 5" />\n<w:LsdException Locked="false" Priority="71" SemiHidden="false"\nUnhideWhenUsed="false" Name="Colorful Shading Accent 5" />\n<w:LsdException Locked="false" Priority="72" SemiHidden="false"\nUnhideWhenUsed="false" Name="Colorful List Accent 5" />\n<w:LsdException Locked="false" Priority="73" SemiHidden="false"\nUnhideWhenUsed="false" Name="Colorful Grid Accent 5" />\n<w:LsdException Locked="false" Priority="60" SemiHidden="false"\nUnhideWhenUsed="false" Name="Light Shading Accent 6" />\n<w:LsdException Locked="false" Priority="61" SemiHidden="false"\nUnhideWhenUsed="false" Name="Light List Accent 6" />\n<w:LsdException Locked="false" Priority="62" SemiHidden="false"\nUnhideWhenUsed="false" Name="Light Grid Accent 6" />\n<w:LsdException Locked="false" Priority="63" SemiHidden="false"\nUnhideWhenUsed="false" Name="Medium Shading 1 Accent 6" />\n<w:LsdException Locked="false" Priority="64" SemiHidden="false"\nUnhideWhenUsed="false" Name="Medium Shading 2 Accent 6" />\n<w:LsdException Locked="false" Priority="65" SemiHidden="false"\nUnhideWhenUsed="false" Name="Medium List 1 Accent 6" />\n<w:LsdException Locked="false" Priority="66" SemiHidden="false"\nUnhideWhenUsed="false" Name="Medium List 2 Accent 6" />\n<w:LsdException Locked="false" Priority="67" SemiHidden="false"\nUnhideWhenUsed="false" Name="Medium Grid 1 Accent 6" />\n<w:LsdException Locked="false" Priority="68" SemiHidden="false"\nUnhideWhenUsed="false" Name="Medium Grid 2 Accent 6" />\n<w:LsdException Locked="false" Priority="69" SemiHidden="false"\nUnhideWhenUsed="false" Name="Medium Grid 3 Accent 6" />\n<w:LsdException Locked="false" Priority="70" SemiHidden="false"\nUnhideWhenUsed="false" Name="Dark List Accent 6" />\n<w:LsdException Locked="false" Priority="71" SemiHidden="false"\nUnhideWhenUsed="false" Name="Colorful Shading Accent 6" />\n<w:LsdException Locked="false" Priority="72" SemiHidden="false"\nUnhideWhenUsed="false" Name="Colorful List Accent 6" />\n<w:LsdException Locked="false" Priority="73" SemiHidden="false"\nUnhideWhenUsed="false" Name="Colorful Grid Accent 6" />\n<w:LsdException Locked="false" Priority="19" SemiHidden="false"\nUnhideWhenUsed="false" QFormat="true" Name="Subtle Emphasis" />\n<w:LsdException Locked="false" Priority="21" SemiHidden="false"\nUnhideWhenUsed="false" QFormat="true" Name="Intense Emphasis" />\n<w:LsdException Locked="false" Priority="31" SemiHidden="false"\nUnhideWhenUsed="false" QFormat="true" Name="Subtle Reference" />\n<w:LsdException Locked="false" Priority="32" SemiHidden="false"\nUnhideWhenUsed="false" QFormat="true" Name="Intense Reference" />\n<w:LsdException Locked="false" Priority="33" SemiHidden="false"\nUnhideWhenUsed="false" QFormat="true" Name="Book Title" />\n<w:LsdException Locked="false" Priority="37" Name="Bibliography" />\n<w:LsdException Locked="false" Priority="39" QFormat="true" Name="TOC Heading" />\n</w:LatentStyles>\n</xml><![endif]--><!--[if gte mso 10]>\n<style>\n/* Style Definitions */\ntable.MsoNormalTable\n{mso-style-name:"Table Normal";\nmso-tstyle-rowband-size:0;\nmso-tstyle-colband-size:0;\nmso-style-noshow:yes;\nmso-style-priority:99;\nmso-style-qformat:yes;\nmso-style-parent:"";\nmso-padding-alt:0in 5.4pt 0in 5.4pt;\nmso-para-margin:0in;\nmso-para-margin-bottom:.0001pt;\nmso-pagination:widow-orphan;\nfont-size:11.0pt;\nfont-family:"Cambria","serif";\nmso-ascii-font-family:Cambria;\nmso-ascii-theme-font:minor-latin;\nmso-hansi-font-family:Cambria;\nmso-hansi-theme-font:minor-latin;}\n</style>\n<![endif]-->\n<p class="MsoNormal">Firebird Speed is a speed-funding service for start-up businesses and projects in Russia, the C.I.S. to use to quickly find interested investors in the US and Western Europe of various sizes and capabilities, as well as through crowdsourcing.<span style="mso-spacerun:yes">&nbsp; </span>We aim to help, in a personalized, comfortable fashion to help investors meet with multiple technology and new media businesses/projects sorted by area of specialty, investment requirements, and other factors specific to the needs of both businesses and investors.<span style="mso-spacerun:yes">&nbsp; </span>The concept is to allow extremely unique, first-hand access without wasting your time or worrying about security, confidentiality, and the ability to perform needed due diligence.</p>\n<p class="MsoNormal">&nbsp;Before members are registered to be able to participate, they must submit enough information so as Firebird itself can perform its own diligence before giving access to its systems.<span style="mso-spacerun:yes">&nbsp; </span>This is done via the intake membership applications we require.<span style="mso-spacerun:yes">&nbsp; </span></p>\n<p class="MsoNormal">&nbsp;Once companies and projects are approved, many will be showcased in our general portfolio, especially those marked as &ldquo;hot&rdquo; by ourself and participating analysts from the world&rsquo;s top investment institutions.<span style="mso-spacerun:yes">&nbsp; </span></p>\n<p class="MsoNormal">&nbsp;Investors will be allowed to reveal as much or as little information about themselves publicly if you request it to be confidential.<span style="mso-spacerun:yes">&nbsp; </span>NDA contracts are signed electronically with Firebird in the registration process.<span style="mso-spacerun:yes">&nbsp; </span></p>\n<p class="MsoNormal">&nbsp;Investors and companies/projects will be allowed to register for and participate in hour long speed-funding sessions, both general, and specified by type of business/project and investor requirements and preferences.<span style="mso-spacerun:yes">&nbsp; </span>They will be given, during these sessions, 5 minutes to communicate with one another before being switched to other relevant investors and companies/projects, in between which both parties will be able to indicate their opinions on one another.<span style="mso-spacerun:yes">&nbsp; </span>Communications take place via audio with integrated IM capability instant-translation capabilities are available.</p>\n<p class="MsoNormal">&nbsp;Following the sessions, both investors and companies/project managers will receive a follow-up report listing companies and projects they have rated as attractive.<span style="mso-spacerun:yes">&nbsp; </span>They will then have the ability to, through our private conferencing rooms, schedule lengthier one-on-one sessions, and more documentation on the companies will be made available as requested.<span style="mso-spacerun:yes">&nbsp; </span>Firebird will assist investors obtain the necessary due diligence and companies formulate the proper financials and other documentation in the format needed by investors in this process, as part of the initial, minimal registration fee.</p>\n<p class="MsoNormal">Once an investor is ready to move forward, if the company/project is in agreement, they will be asked to signed an electronic NDA and LOI with each other as well as place monies in escrow through secured software provided by Firebird, as well as signing an additional document regarding the terms of the escrow funds.<span style="mso-spacerun:yes">&nbsp; </span>Firebird will guarantee that, once monies are placed in escrow, it will perform all additional diligence needed, disclose full details on both parties to one another, and assist in preparing the legal documentation needed to secure investment.<span style="mso-spacerun:yes">&nbsp; </span>Off-line Firebird legal consultants will participate, as needed, in this process.<span style="mso-spacerun:yes">&nbsp; </span>Once monies are placed in escrow, the investor will have 2 weeks-month, according to the company/project&rsquo;s request maximum, on an exclusive basis, to either complete the investment or not.<span style="mso-spacerun:yes">&nbsp; </span>Ten percent of the monies will regardless of the decision be retained by Firebird in exchange for its services.<span style="mso-spacerun:yes">&nbsp; </span></p>\n<p class="MsoNormal">Our goal is to provide maximum comfort for all parties with minimal risk.<span style="mso-spacerun:yes">&nbsp; </span>We aim to garner and facilitate investments, without having to leave the comfort of your home/office, as quickly as possible, and in no more than two months, generally, depending on the size of the investment needed.<span style="mso-spacerun:yes">&nbsp; </span></p>\n<p class="MsoNormal">We also allow investors to be placed in contact with like-minded investors, if they request, who share interest in certain companies/projects so as to allow them to partner as desired.</p>\n<p class="MsoNormal">Finally, we offer certain crowdsourcing services for interested companies and projects.<span style="mso-spacerun:yes">&nbsp; </span>However, companies who request crowdsourcing options, will not be allowed to participate in speed-funding sessions with investors requesting exclusivity or considering sizable investments.<span style="mso-spacerun:yes">&nbsp; </span></p>\n<p class="MsoNormal">All investors will be given access to speed-funding and follow-up services, crowdsourcing options, and a plethora of additional more specified pay services, whereby Firebird will offer rights of first access and first refusal to specified projects and also seek out actively projects and companies that may not be readily accessible via the site.</p>\n<p class="MsoNormal">The site is also open to existing incubators, accelerators and venture capital funds seeking additional investment for specific projects or in general.<span style="mso-spacerun:yes">&nbsp; </span></p>\n<p class="MsoNormal">So, sit back, relax, and get the most unique access to the broadest range of companies, projects, and investors you otherwise would likely never have known about, with the knowledge that, should you find your ideal partner, Firebird will help you court and seal the deal with extremely minimal expense and little to no risk.<span style="mso-spacerun:yes">&nbsp; </span></p>\n<p class="MsoNormal">So, what are you waiting for?<span style="mso-spacerun:yes">&nbsp; </span>Start growing your ideas, your companies, and your portfolios right now.<span style="mso-spacerun:yes">&nbsp; </span></p>\n</p>', 0, 1);
INSERT INTO `pages` VALUES(3, 'FACE TO FACE Firebird Speed - where today''s investors find the ideas that will change tomorrow.', 'FACE TO FACE', 'FACE TO FACE', 'FACE TO FACE', 'WHERE TODAY’S MOST FORWARD-THINKING INVESTORS MEET UP CLOSE THE CREATORS OF THE COMPANIES THAT WILL CHANGE TOMORROW’S WORLD.', 'WHERE TODAY’S MOST FORWARD-THINKING INVESTORS MEET UP CLOSE THE CREATORS OF THE COMPANIES THAT WILL CHANGE TOMORROW’S WORLD.', '<p>WHERE TODAY&rsquo;S MOST FORWARD-THINKING INVESTORS MEET UP CLOSE THE CREATORS OF THE COMPANIES THAT WILL CHANGE TOMORROW&rsquo;S WORLD.</p>\n<p>&nbsp;</p>', 1, 1);
INSERT INTO `pages` VALUES(4, 'Why Invest in Russia', 'Why Invest in Russia', 'Why Invest in Russia', 'Why Invest in Russia', 'Direct Angel Investing, Speed Funding, and Crowdfunding of Russian and C.I.S. tech and media start-ups', 'President Vladimir Putin has stated that by 2018 Russia should move up to 20th place in the World Bank''s Doing Business rating.  Undoubtedly, investor confidence in Russia will continue to grow as the Government moves ahead in implementing the reforms necessary for achieving this goal.', '<p><!--[if gte mso 9]><xml>\n<w:WordDocument>\n<w:View>Normal</w:View>\n<w:Zoom>0</w:Zoom>\n<w:TrackMoves />\n<w:TrackFormatting />\n<w:PunctuationKerning />\n<w:ValidateAgainstSchemas />\n<w:SaveIfXMLInvalid>false</w:SaveIfXMLInvalid>\n<w:IgnoreMixedContent>false</w:IgnoreMixedContent>\n<w:AlwaysShowPlaceholderText>false</w:AlwaysShowPlaceholderText>\n<w:DoNotPromoteQF />\n<w:LidThemeOther>EN-US</w:LidThemeOther>\n<w:LidThemeAsian>X-NONE</w:LidThemeAsian>\n<w:LidThemeComplexScript>X-NONE</w:LidThemeComplexScript>\n<w:Compatibility>\n<w:BreakWrappedTables />\n<w:SnapToGridInCell />\n<w:WrapTextWithPunct />\n<w:UseAsianBreakRules />\n<w:DontGrowAutofit />\n<w:SplitPgBreakAndParaMark />\n<w:DontVertAlignCellWithSp />\n<w:DontBreakConstrainedForcedTables />\n<w:DontVertAlignInTxbx />\n<w:Word11KerningPairs />\n<w:CachedColBalance />\n</w:Compatibility>\n<m:mathPr>\n<m:mathFont m:val="Cambria Math" />\n<m:brkBin m:val="before" />\n<m:brkBinSub m:val="&#45;-" />\n<m:smallFrac m:val="off" />\n<m:dispDef />\n<m:lMargin m:val="0" />\n<m:rMargin m:val="0" />\n<m:defJc m:val="centerGroup" />\n<m:wrapIndent m:val="1440" />\n<m:intLim m:val="subSup" />\n<m:naryLim m:val="undOvr" />\n</m:mathPr></w:WordDocument>\n</xml><![endif]--></p>\n<p><!--[if gte mso 9]><xml>\n<w:LatentStyles DefLockedState="false" DefUnhideWhenUsed="true"\nDefSemiHidden="true" DefQFormat="false" DefPriority="99"\nLatentStyleCount="267">\n<w:LsdException Locked="false" Priority="0" SemiHidden="false"\nUnhideWhenUsed="false" QFormat="true" Name="Normal" />\n<w:LsdException Locked="false" Priority="9" SemiHidden="false"\nUnhideWhenUsed="false" QFormat="true" Name="heading 1" />\n<w:LsdException Locked="false" Priority="9" QFormat="true" Name="heading 2" />\n<w:LsdException Locked="false" Priority="9" QFormat="true" Name="heading 3" />\n<w:LsdException Locked="false" Priority="9" QFormat="true" Name="heading 4" />\n<w:LsdException Locked="false" Priority="9" QFormat="true" Name="heading 5" />\n<w:LsdException Locked="false" Priority="9" QFormat="true" Name="heading 6" />\n<w:LsdException Locked="false" Priority="9" QFormat="true" Name="heading 7" />\n<w:LsdException Locked="false" Priority="9" QFormat="true" Name="heading 8" />\n<w:LsdException Locked="false" Priority="9" QFormat="true" Name="heading 9" />\n<w:LsdException Locked="false" Priority="39" Name="toc 1" />\n<w:LsdException Locked="false" Priority="39" Name="toc 2" />\n<w:LsdException Locked="false" Priority="39" Name="toc 3" />\n<w:LsdException Locked="false" Priority="39" Name="toc 4" />\n<w:LsdException Locked="false" Priority="39" Name="toc 5" />\n<w:LsdException Locked="false" Priority="39" Name="toc 6" />\n<w:LsdException Locked="false" Priority="39" Name="toc 7" />\n<w:LsdException Locked="false" Priority="39" Name="toc 8" />\n<w:LsdException Locked="false" Priority="39" Name="toc 9" />\n<w:LsdException Locked="false" Priority="35" QFormat="true" Name="caption" />\n<w:LsdException Locked="false" Priority="10" SemiHidden="false"\nUnhideWhenUsed="false" QFormat="true" Name="Title" />\n<w:LsdException Locked="false" Priority="1" Name="Default Paragraph Font" />\n<w:LsdException Locked="false" Priority="11" SemiHidden="false"\nUnhideWhenUsed="false" QFormat="true" Name="Subtitle" />\n<w:LsdException Locked="false" Priority="22" SemiHidden="false"\nUnhideWhenUsed="false" QFormat="true" Name="Strong" />\n<w:LsdException Locked="false" Priority="20" SemiHidden="false"\nUnhideWhenUsed="false" QFormat="true" Name="Emphasis" />\n<w:LsdException Locked="false" Priority="59" SemiHidden="false"\nUnhideWhenUsed="false" Name="Table Grid" />\n<w:LsdException Locked="false" UnhideWhenUsed="false" Name="Placeholder Text" />\n<w:LsdException Locked="false" Priority="1" SemiHidden="false"\nUnhideWhenUsed="false" QFormat="true" Name="No Spacing" />\n<w:LsdException Locked="false" Priority="60" SemiHidden="false"\nUnhideWhenUsed="false" Name="Light Shading" />\n<w:LsdException Locked="false" Priority="61" SemiHidden="false"\nUnhideWhenUsed="false" Name="Light List" />\n<w:LsdException Locked="false" Priority="62" SemiHidden="false"\nUnhideWhenUsed="false" Name="Light Grid" />\n<w:LsdException Locked="false" Priority="63" SemiHidden="false"\nUnhideWhenUsed="false" Name="Medium Shading 1" />\n<w:LsdException Locked="false" Priority="64" SemiHidden="false"\nUnhideWhenUsed="false" Name="Medium Shading 2" />\n<w:LsdException Locked="false" Priority="65" SemiHidden="false"\nUnhideWhenUsed="false" Name="Medium List 1" />\n<w:LsdException Locked="false" Priority="66" SemiHidden="false"\nUnhideWhenUsed="false" Name="Medium List 2" />\n<w:LsdException Locked="false" Priority="67" SemiHidden="false"\nUnhideWhenUsed="false" Name="Medium Grid 1" />\n<w:LsdException Locked="false" Priority="68" SemiHidden="false"\nUnhideWhenUsed="false" Name="Medium Grid 2" />\n<w:LsdException Locked="false" Priority="69" SemiHidden="false"\nUnhideWhenUsed="false" Name="Medium Grid 3" />\n<w:LsdException Locked="false" Priority="70" SemiHidden="false"\nUnhideWhenUsed="false" Name="Dark List" />\n<w:LsdException Locked="false" Priority="71" SemiHidden="false"\nUnhideWhenUsed="false" Name="Colorful Shading" />\n<w:LsdException Locked="false" Priority="72" SemiHidden="false"\nUnhideWhenUsed="false" Name="Colorful List" />\n<w:LsdException Locked="false" Priority="73" SemiHidden="false"\nUnhideWhenUsed="false" Name="Colorful Grid" />\n<w:LsdException Locked="false" Priority="60" SemiHidden="false"\nUnhideWhenUsed="false" Name="Light Shading Accent 1" />\n<w:LsdException Locked="false" Priority="61" SemiHidden="false"\nUnhideWhenUsed="false" Name="Light List Accent 1" />\n<w:LsdException Locked="false" Priority="62" SemiHidden="false"\nUnhideWhenUsed="false" Name="Light Grid Accent 1" />\n<w:LsdException Locked="false" Priority="63" SemiHidden="false"\nUnhideWhenUsed="false" Name="Medium Shading 1 Accent 1" />\n<w:LsdException Locked="false" Priority="64" SemiHidden="false"\nUnhideWhenUsed="false" Name="Medium Shading 2 Accent 1" />\n<w:LsdException Locked="false" Priority="65" SemiHidden="false"\nUnhideWhenUsed="false" Name="Medium List 1 Accent 1" />\n<w:LsdException Locked="false" UnhideWhenUsed="false" Name="Revision" />\n<w:LsdException Locked="false" Priority="34" SemiHidden="false"\nUnhideWhenUsed="false" QFormat="true" Name="List Paragraph" />\n<w:LsdException Locked="false" Priority="29" SemiHidden="false"\nUnhideWhenUsed="false" QFormat="true" Name="Quote" />\n<w:LsdException Locked="false" Priority="30" SemiHidden="false"\nUnhideWhenUsed="false" QFormat="true" Name="Intense Quote" />\n<w:LsdException Locked="false" Priority="66" SemiHidden="false"\nUnhideWhenUsed="false" Name="Medium List 2 Accent 1" />\n<w:LsdException Locked="false" Priority="67" SemiHidden="false"\nUnhideWhenUsed="false" Name="Medium Grid 1 Accent 1" />\n<w:LsdException Locked="false" Priority="68" SemiHidden="false"\nUnhideWhenUsed="false" Name="Medium Grid 2 Accent 1" />\n<w:LsdException Locked="false" Priority="69" SemiHidden="false"\nUnhideWhenUsed="false" Name="Medium Grid 3 Accent 1" />\n<w:LsdException Locked="false" Priority="70" SemiHidden="false"\nUnhideWhenUsed="false" Name="Dark List Accent 1" />\n<w:LsdException Locked="false" Priority="71" SemiHidden="false"\nUnhideWhenUsed="false" Name="Colorful Shading Accent 1" />\n<w:LsdException Locked="false" Priority="72" SemiHidden="false"\nUnhideWhenUsed="false" Name="Colorful List Accent 1" />\n<w:LsdException Locked="false" Priority="73" SemiHidden="false"\nUnhideWhenUsed="false" Name="Colorful Grid Accent 1" />\n<w:LsdException Locked="false" Priority="60" SemiHidden="false"\nUnhideWhenUsed="false" Name="Light Shading Accent 2" />\n<w:LsdException Locked="false" Priority="61" SemiHidden="false"\nUnhideWhenUsed="false" Name="Light List Accent 2" />\n<w:LsdException Locked="false" Priority="62" SemiHidden="false"\nUnhideWhenUsed="false" Name="Light Grid Accent 2" />\n<w:LsdException Locked="false" Priority="63" SemiHidden="false"\nUnhideWhenUsed="false" Name="Medium Shading 1 Accent 2" />\n<w:LsdException Locked="false" Priority="64" SemiHidden="false"\nUnhideWhenUsed="false" Name="Medium Shading 2 Accent 2" />\n<w:LsdException Locked="false" Priority="65" SemiHidden="false"\nUnhideWhenUsed="false" Name="Medium List 1 Accent 2" />\n<w:LsdException Locked="false" Priority="66" SemiHidden="false"\nUnhideWhenUsed="false" Name="Medium List 2 Accent 2" />\n<w:LsdException Locked="false" Priority="67" SemiHidden="false"\nUnhideWhenUsed="false" Name="Medium Grid 1 Accent 2" />\n<w:LsdException Locked="false" Priority="68" SemiHidden="false"\nUnhideWhenUsed="false" Name="Medium Grid 2 Accent 2" />\n<w:LsdException Locked="false" Priority="69" SemiHidden="false"\nUnhideWhenUsed="false" Name="Medium Grid 3 Accent 2" />\n<w:LsdException Locked="false" Priority="70" SemiHidden="false"\nUnhideWhenUsed="false" Name="Dark List Accent 2" />\n<w:LsdException Locked="false" Priority="71" SemiHidden="false"\nUnhideWhenUsed="false" Name="Colorful Shading Accent 2" />\n<w:LsdException Locked="false" Priority="72" SemiHidden="false"\nUnhideWhenUsed="false" Name="Colorful List Accent 2" />\n<w:LsdException Locked="false" Priority="73" SemiHidden="false"\nUnhideWhenUsed="false" Name="Colorful Grid Accent 2" />\n<w:LsdException Locked="false" Priority="60" SemiHidden="false"\nUnhideWhenUsed="false" Name="Light Shading Accent 3" />\n<w:LsdException Locked="false" Priority="61" SemiHidden="false"\nUnhideWhenUsed="false" Name="Light List Accent 3" />\n<w:LsdException Locked="false" Priority="62" SemiHidden="false"\nUnhideWhenUsed="false" Name="Light Grid Accent 3" />\n<w:LsdException Locked="false" Priority="63" SemiHidden="false"\nUnhideWhenUsed="false" Name="Medium Shading 1 Accent 3" />\n<w:LsdException Locked="false" Priority="64" SemiHidden="false"\nUnhideWhenUsed="false" Name="Medium Shading 2 Accent 3" />\n<w:LsdException Locked="false" Priority="65" SemiHidden="false"\nUnhideWhenUsed="false" Name="Medium List 1 Accent 3" />\n<w:LsdException Locked="false" Priority="66" SemiHidden="false"\nUnhideWhenUsed="false" Name="Medium List 2 Accent 3" />\n<w:LsdException Locked="false" Priority="67" SemiHidden="false"\nUnhideWhenUsed="false" Name="Medium Grid 1 Accent 3" />\n<w:LsdException Locked="false" Priority="68" SemiHidden="false"\nUnhideWhenUsed="false" Name="Medium Grid 2 Accent 3" />\n<w:LsdException Locked="false" Priority="69" SemiHidden="false"\nUnhideWhenUsed="false" Name="Medium Grid 3 Accent 3" />\n<w:LsdException Locked="false" Priority="70" SemiHidden="false"\nUnhideWhenUsed="false" Name="Dark List Accent 3" />\n<w:LsdException Locked="false" Priority="71" SemiHidden="false"\nUnhideWhenUsed="false" Name="Colorful Shading Accent 3" />\n<w:LsdException Locked="false" Priority="72" SemiHidden="false"\nUnhideWhenUsed="false" Name="Colorful List Accent 3" />\n<w:LsdException Locked="false" Priority="73" SemiHidden="false"\nUnhideWhenUsed="false" Name="Colorful Grid Accent 3" />\n<w:LsdException Locked="false" Priority="60" SemiHidden="false"\nUnhideWhenUsed="false" Name="Light Shading Accent 4" />\n<w:LsdException Locked="false" Priority="61" SemiHidden="false"\nUnhideWhenUsed="false" Name="Light List Accent 4" />\n<w:LsdException Locked="false" Priority="62" SemiHidden="false"\nUnhideWhenUsed="false" Name="Light Grid Accent 4" />\n<w:LsdException Locked="false" Priority="63" SemiHidden="false"\nUnhideWhenUsed="false" Name="Medium Shading 1 Accent 4" />\n<w:LsdException Locked="false" Priority="64" SemiHidden="false"\nUnhideWhenUsed="false" Name="Medium Shading 2 Accent 4" />\n<w:LsdException Locked="false" Priority="65" SemiHidden="false"\nUnhideWhenUsed="false" Name="Medium List 1 Accent 4" />\n<w:LsdException Locked="false" Priority="66" SemiHidden="false"\nUnhideWhenUsed="false" Name="Medium List 2 Accent 4" />\n<w:LsdException Locked="false" Priority="67" SemiHidden="false"\nUnhideWhenUsed="false" Name="Medium Grid 1 Accent 4" />\n<w:LsdException Locked="false" Priority="68" SemiHidden="false"\nUnhideWhenUsed="false" Name="Medium Grid 2 Accent 4" />\n<w:LsdException Locked="false" Priority="69" SemiHidden="false"\nUnhideWhenUsed="false" Name="Medium Grid 3 Accent 4" />\n<w:LsdException Locked="false" Priority="70" SemiHidden="false"\nUnhideWhenUsed="false" Name="Dark List Accent 4" />\n<w:LsdException Locked="false" Priority="71" SemiHidden="false"\nUnhideWhenUsed="false" Name="Colorful Shading Accent 4" />\n<w:LsdException Locked="false" Priority="72" SemiHidden="false"\nUnhideWhenUsed="false" Name="Colorful List Accent 4" />\n<w:LsdException Locked="false" Priority="73" SemiHidden="false"\nUnhideWhenUsed="false" Name="Colorful Grid Accent 4" />\n<w:LsdException Locked="false" Priority="60" SemiHidden="false"\nUnhideWhenUsed="false" Name="Light Shading Accent 5" />\n<w:LsdException Locked="false" Priority="61" SemiHidden="false"\nUnhideWhenUsed="false" Name="Light List Accent 5" />\n<w:LsdException Locked="false" Priority="62" SemiHidden="false"\nUnhideWhenUsed="false" Name="Light Grid Accent 5" />\n<w:LsdException Locked="false" Priority="63" SemiHidden="false"\nUnhideWhenUsed="false" Name="Medium Shading 1 Accent 5" />\n<w:LsdException Locked="false" Priority="64" SemiHidden="false"\nUnhideWhenUsed="false" Name="Medium Shading 2 Accent 5" />\n<w:LsdException Locked="false" Priority="65" SemiHidden="false"\nUnhideWhenUsed="false" Name="Medium List 1 Accent 5" />\n<w:LsdException Locked="false" Priority="66" SemiHidden="false"\nUnhideWhenUsed="false" Name="Medium List 2 Accent 5" />\n<w:LsdException Locked="false" Priority="67" SemiHidden="false"\nUnhideWhenUsed="false" Name="Medium Grid 1 Accent 5" />\n<w:LsdException Locked="false" Priority="68" SemiHidden="false"\nUnhideWhenUsed="false" Name="Medium Grid 2 Accent 5" />\n<w:LsdException Locked="false" Priority="69" SemiHidden="false"\nUnhideWhenUsed="false" Name="Medium Grid 3 Accent 5" />\n<w:LsdException Locked="false" Priority="70" SemiHidden="false"\nUnhideWhenUsed="false" Name="Dark List Accent 5" />\n<w:LsdException Locked="false" Priority="71" SemiHidden="false"\nUnhideWhenUsed="false" Name="Colorful Shading Accent 5" />\n<w:LsdException Locked="false" Priority="72" SemiHidden="false"\nUnhideWhenUsed="false" Name="Colorful List Accent 5" />\n<w:LsdException Locked="false" Priority="73" SemiHidden="false"\nUnhideWhenUsed="false" Name="Colorful Grid Accent 5" />\n<w:LsdException Locked="false" Priority="60" SemiHidden="false"\nUnhideWhenUsed="false" Name="Light Shading Accent 6" />\n<w:LsdException Locked="false" Priority="61" SemiHidden="false"\nUnhideWhenUsed="false" Name="Light List Accent 6" />\n<w:LsdException Locked="false" Priority="62" SemiHidden="false"\nUnhideWhenUsed="false" Name="Light Grid Accent 6" />\n<w:LsdException Locked="false" Priority="63" SemiHidden="false"\nUnhideWhenUsed="false" Name="Medium Shading 1 Accent 6" />\n<w:LsdException Locked="false" Priority="64" SemiHidden="false"\nUnhideWhenUsed="false" Name="Medium Shading 2 Accent 6" />\n<w:LsdException Locked="false" Priority="65" SemiHidden="false"\nUnhideWhenUsed="false" Name="Medium List 1 Accent 6" />\n<w:LsdException Locked="false" Priority="66" SemiHidden="false"\nUnhideWhenUsed="false" Name="Medium List 2 Accent 6" />\n<w:LsdException Locked="false" Priority="67" SemiHidden="false"\nUnhideWhenUsed="false" Name="Medium Grid 1 Accent 6" />\n<w:LsdException Locked="false" Priority="68" SemiHidden="false"\nUnhideWhenUsed="false" Name="Medium Grid 2 Accent 6" />\n<w:LsdException Locked="false" Priority="69" SemiHidden="false"\nUnhideWhenUsed="false" Name="Medium Grid 3 Accent 6" />\n<w:LsdException Locked="false" Priority="70" SemiHidden="false"\nUnhideWhenUsed="false" Name="Dark List Accent 6" />\n<w:LsdException Locked="false" Priority="71" SemiHidden="false"\nUnhideWhenUsed="false" Name="Colorful Shading Accent 6" />\n<w:LsdException Locked="false" Priority="72" SemiHidden="false"\nUnhideWhenUsed="false" Name="Colorful List Accent 6" />\n<w:LsdException Locked="false" Priority="73" SemiHidden="false"\nUnhideWhenUsed="false" Name="Colorful Grid Accent 6" />\n<w:LsdException Locked="false" Priority="19" SemiHidden="false"\nUnhideWhenUsed="false" QFormat="true" Name="Subtle Emphasis" />\n<w:LsdException Locked="false" Priority="21" SemiHidden="false"\nUnhideWhenUsed="false" QFormat="true" Name="Intense Emphasis" />\n<w:LsdException Locked="false" Priority="31" SemiHidden="false"\nUnhideWhenUsed="false" QFormat="true" Name="Subtle Reference" />\n<w:LsdException Locked="false" Priority="32" SemiHidden="false"\nUnhideWhenUsed="false" QFormat="true" Name="Intense Reference" />\n<w:LsdException Locked="false" Priority="33" SemiHidden="false"\nUnhideWhenUsed="false" QFormat="true" Name="Book Title" />\n<w:LsdException Locked="false" Priority="37" Name="Bibliography" />\n<w:LsdException Locked="false" Priority="39" QFormat="true" Name="TOC Heading" />\n</w:LatentStyles>\n</xml><![endif]--><!--[if gte mso 10]>\n<style>\n/* Style Definitions */\ntable.MsoNormalTable\n{mso-style-name:"Table Normal";\nmso-tstyle-rowband-size:0;\nmso-tstyle-colband-size:0;\nmso-style-noshow:yes;\nmso-style-priority:99;\nmso-style-qformat:yes;\nmso-style-parent:"";\nmso-padding-alt:0in 5.4pt 0in 5.4pt;\nmso-para-margin-top:0in;\nmso-para-margin-right:0in;\nmso-para-margin-bottom:10.0pt;\nmso-para-margin-left:0in;\nline-height:115%;\nmso-pagination:widow-orphan;\nfont-size:11.0pt;\nfont-family:"Calibri","sans-serif";\nmso-ascii-font-family:Calibri;\nmso-ascii-theme-font:minor-latin;\nmso-fareast-font-family:"Times New Roman";\nmso-fareast-theme-font:minor-fareast;\nmso-hansi-font-family:Calibri;\nmso-hansi-theme-font:minor-latin;}\n</style>\n<![endif]-->\n<p class="MsoNormal">Growth prospects for the global and Russian economies</p>\n<p class="MsoNormal">President Vladimir Putin has stated that by 2018 Russia should move up to 20th place in the World Bank''s Doing Business rating.<span style="mso-spacerun:yes">&nbsp; </span>Undoubtedly, investor confidence in Russia will continue to grow as the Government moves ahead in implementing the reforms necessary for achieving this goal.</p>\n<p class="MsoNormal">The survey results show that half of CEO respondents, both at the global and local level, see a continuation of the status quo in the<span style="mso-spacerun:yes">&nbsp; </span>global economic environment, with Russian business leaders<span style="mso-spacerun:yes">&nbsp; </span>planning to carry out more M&amp;A deals (predominantly in the domestic market).</p>\n<p class="MsoNormal">For the second year in a row, Russian CEOs are also planning to boost staff numbers, and invest in personnel training and development. At the same time, we&rsquo;re seeing a declining proportion of respondents who are bearish on the global economy&rsquo;s future prospects.</p>\n<p class="MsoNormal">Russian CEOs believe that their country''s economy is well positioned to cope with global economic turbulence, even with the likelihood that it will post lower growth rates over the coming year. They highlighted that the Government''s adroit monetary policy helped keep the lid on inflation in 2011.</p>\n<p class="MsoNormal">In the coming year, a massive of 58% of Russian respondents expect to boost headcount</p>\n<p class="MsoNormal">Many top managers place high hopes on the middle class and its further expansion. Significant economic growth will be demonstrated by those Russian regions where small and medium-sized business is developing at a rapid pace.</p>\n<p class="MsoNormal">The survey results show that the proportion of those who are &ldquo;fully confident&rdquo; in business growth over the next 12 months has risen by a third to 66%, versus 48% last year. A survey question regarding short-term (12-month) growth prospects produced the same result (66%).</p>\n<p class="MsoNormal">Over 70% and 39% of Russian CEOs, respectively, believe that the collapse of the eurozone and a recession in the US are highly unlikely scenarios.</p>\n<p class="MsoNormal">In Russia, 59% of respondents are concerned about fiscal problems, even though Russia&rsquo;s sovereign debt is smaller than in most European countries, standing at only 11% of national GDP. By comparison, it is 91% in the UK, 99% in Germany and 192% in Greece.[1]</p>\n<p class="MsoNormal">Concerning their approach to corporate governance, Russian CEOs (80%) cited centralised control over risk management more frequently than their global peers.</p>\n<p class="MsoNormal">More than half (54%) of Russian CEOs surveyed plan to amend their management strategy over the next year, especially in such areas as expanding their customer base, retaining clients and increasing client loyalty. Eighty percent of respondents, both in Russia and globally, reported such plans.</p>\n<p class="MsoNormal">In addition, Russian CEOs also plan to make changes in their strategies for managing risk (71%), increasing capital investment (73%) and investing in technology (71%).</p>\n<p class="MsoNormal"><b style="mso-bidi-font-weight:normal">The government and the business community</b></p>\n<p class="MsoNormal">&nbsp;Russian CEOs believe that the investment priorities for both government and business should be:</p>\n<p class="MsoNormal">Developing infrastructure (80%).</p>\n<p class="MsoNormal">Ensuring financial sector stability (68%).</p>\n<p class="MsoNormal">Training skilled personnel (56%).</p>\n<p class="MsoNormal">One-third of respondents plan to boost investment in employee health care.</p>\n<p class="MsoNormal">While 41% of Russian CEOs believe that the government is responsible for maintaining financial sector stability, one in five say that their company intends to increase its investment toward achieving that goal.</p>\n<p class="MsoNormal"><b style="mso-bidi-font-weight:normal">What impacts a company&rsquo;s growth strategy?</b></p>\n<p class="MsoNormal">&nbsp;Russian CEOs see the greatest impact on their business strategy coming from:</p>\n<p class="MsoNormal">Clients and buyers (98%).</p>\n<p class="MsoNormal">Competitors (88%).</p>\n<p class="MsoNormal">Government (85%).</p>\n<p class="MsoNormal">Sources of capital - creditors and investors (83%).</p>\n<p class="MsoNormal">Business partners in the supply chain (68%).</p>\n<p class="MsoNormal">Company employees (63%).</p>\n<p class="MsoNormal">Ninety-two percent of respondents said they plan to boost the role of social network users in the strategy formulation process.</p>\n<p class="MsoNormal"><b style="mso-bidi-font-weight:normal">New opportunities</b></p>\n<p class="MsoNormal">Russian CEOs rely on foreign markets more than their Chinese peers, for instance, or than CEOs in the BRICs overall. However, 88% expect the lion''s share of M&amp;A deals to take place in the domestic market.</p>\n<p class="MsoNormal">A quarter of Russian respondents are seeking to acquire assets in Western European, while the same number are interested in Southeast Asia.</p>\n<p class="MsoNormal">For Russian CEOs, the priority areas for investment over the next 12 months are:</p>\n<p class="MsoNormal">Improving operational efficiency (63%).</p>\n<p class="MsoNormal">Production capacity (44%).</p>\n<p class="MsoNormal">Expanding the client base (41%).</p>\n<p class="MsoNormal">Forty-four percent of respondents plan to invest in Russia-based production capacities, which is three times greater than in the US, Western Europe and China.</p>\n<p class="MsoNormal"><strong>This is according to Price Waterhouse Coopers</strong></p>\n</p>', 0, 1);
INSERT INTO `pages` VALUES(5, 'Why Firebird', 'Why Firebird', 'Why Firebird', 'Why Firebird', 'Direct Angel Investing, Speed Funding, and Crowdfunding of Russian and C.I.S. tech and media start-ups', 'Direct Angel Investing, Speed Funding, and Crowdfunding of Russian and C.I.S. tech and media start-ups', '<p style="text-align: justify;"><!--[if gte mso 9]><xml>\n<w:WordDocument>\n<w:View>Normal</w:View>\n<w:Zoom>0</w:Zoom>\n<w:TrackMoves />\n<w:TrackFormatting />\n<w:PunctuationKerning />\n<w:ValidateAgainstSchemas />\n<w:SaveIfXMLInvalid>false</w:SaveIfXMLInvalid>\n<w:IgnoreMixedContent>false</w:IgnoreMixedContent>\n<w:AlwaysShowPlaceholderText>false</w:AlwaysShowPlaceholderText>\n<w:DoNotPromoteQF />\n<w:LidThemeOther>EN-US</w:LidThemeOther>\n<w:LidThemeAsian>X-NONE</w:LidThemeAsian>\n<w:LidThemeComplexScript>X-NONE</w:LidThemeComplexScript>\n<w:Compatibility>\n<w:BreakWrappedTables />\n<w:SnapToGridInCell />\n<w:WrapTextWithPunct />\n<w:UseAsianBreakRules />\n<w:DontGrowAutofit />\n<w:SplitPgBreakAndParaMark />\n<w:DontVertAlignCellWithSp />\n<w:DontBreakConstrainedForcedTables />\n<w:DontVertAlignInTxbx />\n<w:Word11KerningPairs />\n<w:CachedColBalance />\n</w:Compatibility>\n<m:mathPr>\n<m:mathFont m:val="Cambria Math" />\n<m:brkBin m:val="before" />\n<m:brkBinSub m:val="&#45;-" />\n<m:smallFrac m:val="off" />\n<m:dispDef />\n<m:lMargin m:val="0" />\n<m:rMargin m:val="0" />\n<m:defJc m:val="centerGroup" />\n<m:wrapIndent m:val="1440" />\n<m:intLim m:val="subSup" />\n<m:naryLim m:val="undOvr" />\n</m:mathPr></w:WordDocument>\n</xml><![endif]--></p>\n<p style="text-align: justify;"><!--[if gte mso 9]><xml>\n<w:LatentStyles DefLockedState="false" DefUnhideWhenUsed="true"\nDefSemiHidden="true" DefQFormat="false" DefPriority="99"\nLatentStyleCount="267">\n<w:LsdException Locked="false" Priority="0" SemiHidden="false"\nUnhideWhenUsed="false" QFormat="true" Name="Normal" />\n<w:LsdException Locked="false" Priority="9" SemiHidden="false"\nUnhideWhenUsed="false" QFormat="true" Name="heading 1" />\n<w:LsdException Locked="false" Priority="9" QFormat="true" Name="heading 2" />\n<w:LsdException Locked="false" Priority="9" QFormat="true" Name="heading 3" />\n<w:LsdException Locked="false" Priority="9" QFormat="true" Name="heading 4" />\n<w:LsdException Locked="false" Priority="9" QFormat="true" Name="heading 5" />\n<w:LsdException Locked="false" Priority="9" QFormat="true" Name="heading 6" />\n<w:LsdException Locked="false" Priority="9" QFormat="true" Name="heading 7" />\n<w:LsdException Locked="false" Priority="9" QFormat="true" Name="heading 8" />\n<w:LsdException Locked="false" Priority="9" QFormat="true" Name="heading 9" />\n<w:LsdException Locked="false" Priority="39" Name="toc 1" />\n<w:LsdException Locked="false" Priority="39" Name="toc 2" />\n<w:LsdException Locked="false" Priority="39" Name="toc 3" />\n<w:LsdException Locked="false" Priority="39" Name="toc 4" />\n<w:LsdException Locked="false" Priority="39" Name="toc 5" />\n<w:LsdException Locked="false" Priority="39" Name="toc 6" />\n<w:LsdException Locked="false" Priority="39" Name="toc 7" />\n<w:LsdException Locked="false" Priority="39" Name="toc 8" />\n<w:LsdException Locked="false" Priority="39" Name="toc 9" />\n<w:LsdException Locked="false" Priority="35" QFormat="true" Name="caption" />\n<w:LsdException Locked="false" Priority="10" SemiHidden="false"\nUnhideWhenUsed="false" QFormat="true" Name="Title" />\n<w:LsdException Locked="false" Priority="1" Name="Default Paragraph Font" />\n<w:LsdException Locked="false" Priority="11" SemiHidden="false"\nUnhideWhenUsed="false" QFormat="true" Name="Subtitle" />\n<w:LsdException Locked="false" Priority="22" SemiHidden="false"\nUnhideWhenUsed="false" QFormat="true" Name="Strong" />\n<w:LsdException Locked="false" Priority="20" SemiHidden="false"\nUnhideWhenUsed="false" QFormat="true" Name="Emphasis" />\n<w:LsdException Locked="false" Priority="59" SemiHidden="false"\nUnhideWhenUsed="false" Name="Table Grid" />\n<w:LsdException Locked="false" UnhideWhenUsed="false" Name="Placeholder Text" />\n<w:LsdException Locked="false" Priority="1" SemiHidden="false"\nUnhideWhenUsed="false" QFormat="true" Name="No Spacing" />\n<w:LsdException Locked="false" Priority="60" SemiHidden="false"\nUnhideWhenUsed="false" Name="Light Shading" />\n<w:LsdException Locked="false" Priority="61" SemiHidden="false"\nUnhideWhenUsed="false" Name="Light List" />\n<w:LsdException Locked="false" Priority="62" SemiHidden="false"\nUnhideWhenUsed="false" Name="Light Grid" />\n<w:LsdException Locked="false" Priority="63" SemiHidden="false"\nUnhideWhenUsed="false" Name="Medium Shading 1" />\n<w:LsdException Locked="false" Priority="64" SemiHidden="false"\nUnhideWhenUsed="false" Name="Medium Shading 2" />\n<w:LsdException Locked="false" Priority="65" SemiHidden="false"\nUnhideWhenUsed="false" Name="Medium List 1" />\n<w:LsdException Locked="false" Priority="66" SemiHidden="false"\nUnhideWhenUsed="false" Name="Medium List 2" />\n<w:LsdException Locked="false" Priority="67" SemiHidden="false"\nUnhideWhenUsed="false" Name="Medium Grid 1" />\n<w:LsdException Locked="false" Priority="68" SemiHidden="false"\nUnhideWhenUsed="false" Name="Medium Grid 2" />\n<w:LsdException Locked="false" Priority="69" SemiHidden="false"\nUnhideWhenUsed="false" Name="Medium Grid 3" />\n<w:LsdException Locked="false" Priority="70" SemiHidden="false"\nUnhideWhenUsed="false" Name="Dark List" />\n<w:LsdException Locked="false" Priority="71" SemiHidden="false"\nUnhideWhenUsed="false" Name="Colorful Shading" />\n<w:LsdException Locked="false" Priority="72" SemiHidden="false"\nUnhideWhenUsed="false" Name="Colorful List" />\n<w:LsdException Locked="false" Priority="73" SemiHidden="false"\nUnhideWhenUsed="false" Name="Colorful Grid" />\n<w:LsdException Locked="false" Priority="60" SemiHidden="false"\nUnhideWhenUsed="false" Name="Light Shading Accent 1" />\n<w:LsdException Locked="false" Priority="61" SemiHidden="false"\nUnhideWhenUsed="false" Name="Light List Accent 1" />\n<w:LsdException Locked="false" Priority="62" SemiHidden="false"\nUnhideWhenUsed="false" Name="Light Grid Accent 1" />\n<w:LsdException Locked="false" Priority="63" SemiHidden="false"\nUnhideWhenUsed="false" Name="Medium Shading 1 Accent 1" />\n<w:LsdException Locked="false" Priority="64" SemiHidden="false"\nUnhideWhenUsed="false" Name="Medium Shading 2 Accent 1" />\n<w:LsdException Locked="false" Priority="65" SemiHidden="false"\nUnhideWhenUsed="false" Name="Medium List 1 Accent 1" />\n<w:LsdException Locked="false" UnhideWhenUsed="false" Name="Revision" />\n<w:LsdException Locked="false" Priority="34" SemiHidden="false"\nUnhideWhenUsed="false" QFormat="true" Name="List Paragraph" />\n<w:LsdException Locked="false" Priority="29" SemiHidden="false"\nUnhideWhenUsed="false" QFormat="true" Name="Quote" />\n<w:LsdException Locked="false" Priority="30" SemiHidden="false"\nUnhideWhenUsed="false" QFormat="true" Name="Intense Quote" />\n<w:LsdException Locked="false" Priority="66" SemiHidden="false"\nUnhideWhenUsed="false" Name="Medium List 2 Accent 1" />\n<w:LsdException Locked="false" Priority="67" SemiHidden="false"\nUnhideWhenUsed="false" Name="Medium Grid 1 Accent 1" />\n<w:LsdException Locked="false" Priority="68" SemiHidden="false"\nUnhideWhenUsed="false" Name="Medium Grid 2 Accent 1" />\n<w:LsdException Locked="false" Priority="69" SemiHidden="false"\nUnhideWhenUsed="false" Name="Medium Grid 3 Accent 1" />\n<w:LsdException Locked="false" Priority="70" SemiHidden="false"\nUnhideWhenUsed="false" Name="Dark List Accent 1" />\n<w:LsdException Locked="false" Priority="71" SemiHidden="false"\nUnhideWhenUsed="false" Name="Colorful Shading Accent 1" />\n<w:LsdException Locked="false" Priority="72" SemiHidden="false"\nUnhideWhenUsed="false" Name="Colorful List Accent 1" />\n<w:LsdException Locked="false" Priority="73" SemiHidden="false"\nUnhideWhenUsed="false" Name="Colorful Grid Accent 1" />\n<w:LsdException Locked="false" Priority="60" SemiHidden="false"\nUnhideWhenUsed="false" Name="Light Shading Accent 2" />\n<w:LsdException Locked="false" Priority="61" SemiHidden="false"\nUnhideWhenUsed="false" Name="Light List Accent 2" />\n<w:LsdException Locked="false" Priority="62" SemiHidden="false"\nUnhideWhenUsed="false" Name="Light Grid Accent 2" />\n<w:LsdException Locked="false" Priority="63" SemiHidden="false"\nUnhideWhenUsed="false" Name="Medium Shading 1 Accent 2" />\n<w:LsdException Locked="false" Priority="64" SemiHidden="false"\nUnhideWhenUsed="false" Name="Medium Shading 2 Accent 2" />\n<w:LsdException Locked="false" Priority="65" SemiHidden="false"\nUnhideWhenUsed="false" Name="Medium List 1 Accent 2" />\n<w:LsdException Locked="false" Priority="66" SemiHidden="false"\nUnhideWhenUsed="false" Name="Medium List 2 Accent 2" />\n<w:LsdException Locked="false" Priority="67" SemiHidden="false"\nUnhideWhenUsed="false" Name="Medium Grid 1 Accent 2" />\n<w:LsdException Locked="false" Priority="68" SemiHidden="false"\nUnhideWhenUsed="false" Name="Medium Grid 2 Accent 2" />\n<w:LsdException Locked="false" Priority="69" SemiHidden="false"\nUnhideWhenUsed="false" Name="Medium Grid 3 Accent 2" />\n<w:LsdException Locked="false" Priority="70" SemiHidden="false"\nUnhideWhenUsed="false" Name="Dark List Accent 2" />\n<w:LsdException Locked="false" Priority="71" SemiHidden="false"\nUnhideWhenUsed="false" Name="Colorful Shading Accent 2" />\n<w:LsdException Locked="false" Priority="72" SemiHidden="false"\nUnhideWhenUsed="false" Name="Colorful List Accent 2" />\n<w:LsdException Locked="false" Priority="73" SemiHidden="false"\nUnhideWhenUsed="false" Name="Colorful Grid Accent 2" />\n<w:LsdException Locked="false" Priority="60" SemiHidden="false"\nUnhideWhenUsed="false" Name="Light Shading Accent 3" />\n<w:LsdException Locked="false" Priority="61" SemiHidden="false"\nUnhideWhenUsed="false" Name="Light List Accent 3" />\n<w:LsdException Locked="false" Priority="62" SemiHidden="false"\nUnhideWhenUsed="false" Name="Light Grid Accent 3" />\n<w:LsdException Locked="false" Priority="63" SemiHidden="false"\nUnhideWhenUsed="false" Name="Medium Shading 1 Accent 3" />\n<w:LsdException Locked="false" Priority="64" SemiHidden="false"\nUnhideWhenUsed="false" Name="Medium Shading 2 Accent 3" />\n<w:LsdException Locked="false" Priority="65" SemiHidden="false"\nUnhideWhenUsed="false" Name="Medium List 1 Accent 3" />\n<w:LsdException Locked="false" Priority="66" SemiHidden="false"\nUnhideWhenUsed="false" Name="Medium List 2 Accent 3" />\n<w:LsdException Locked="false" Priority="67" SemiHidden="false"\nUnhideWhenUsed="false" Name="Medium Grid 1 Accent 3" />\n<w:LsdException Locked="false" Priority="68" SemiHidden="false"\nUnhideWhenUsed="false" Name="Medium Grid 2 Accent 3" />\n<w:LsdException Locked="false" Priority="69" SemiHidden="false"\nUnhideWhenUsed="false" Name="Medium Grid 3 Accent 3" />\n<w:LsdException Locked="false" Priority="70" SemiHidden="false"\nUnhideWhenUsed="false" Name="Dark List Accent 3" />\n<w:LsdException Locked="false" Priority="71" SemiHidden="false"\nUnhideWhenUsed="false" Name="Colorful Shading Accent 3" />\n<w:LsdException Locked="false" Priority="72" SemiHidden="false"\nUnhideWhenUsed="false" Name="Colorful List Accent 3" />\n<w:LsdException Locked="false" Priority="73" SemiHidden="false"\nUnhideWhenUsed="false" Name="Colorful Grid Accent 3" />\n<w:LsdException Locked="false" Priority="60" SemiHidden="false"\nUnhideWhenUsed="false" Name="Light Shading Accent 4" />\n<w:LsdException Locked="false" Priority="61" SemiHidden="false"\nUnhideWhenUsed="false" Name="Light List Accent 4" />\n<w:LsdException Locked="false" Priority="62" SemiHidden="false"\nUnhideWhenUsed="false" Name="Light Grid Accent 4" />\n<w:LsdException Locked="false" Priority="63" SemiHidden="false"\nUnhideWhenUsed="false" Name="Medium Shading 1 Accent 4" />\n<w:LsdException Locked="false" Priority="64" SemiHidden="false"\nUnhideWhenUsed="false" Name="Medium Shading 2 Accent 4" />\n<w:LsdException Locked="false" Priority="65" SemiHidden="false"\nUnhideWhenUsed="false" Name="Medium List 1 Accent 4" />\n<w:LsdException Locked="false" Priority="66" SemiHidden="false"\nUnhideWhenUsed="false" Name="Medium List 2 Accent 4" />\n<w:LsdException Locked="false" Priority="67" SemiHidden="false"\nUnhideWhenUsed="false" Name="Medium Grid 1 Accent 4" />\n<w:LsdException Locked="false" Priority="68" SemiHidden="false"\nUnhideWhenUsed="false" Name="Medium Grid 2 Accent 4" />\n<w:LsdException Locked="false" Priority="69" SemiHidden="false"\nUnhideWhenUsed="false" Name="Medium Grid 3 Accent 4" />\n<w:LsdException Locked="false" Priority="70" SemiHidden="false"\nUnhideWhenUsed="false" Name="Dark List Accent 4" />\n<w:LsdException Locked="false" Priority="71" SemiHidden="false"\nUnhideWhenUsed="false" Name="Colorful Shading Accent 4" />\n<w:LsdException Locked="false" Priority="72" SemiHidden="false"\nUnhideWhenUsed="false" Name="Colorful List Accent 4" />\n<w:LsdException Locked="false" Priority="73" SemiHidden="false"\nUnhideWhenUsed="false" Name="Colorful Grid Accent 4" />\n<w:LsdException Locked="false" Priority="60" SemiHidden="false"\nUnhideWhenUsed="false" Name="Light Shading Accent 5" />\n<w:LsdException Locked="false" Priority="61" SemiHidden="false"\nUnhideWhenUsed="false" Name="Light List Accent 5" />\n<w:LsdException Locked="false" Priority="62" SemiHidden="false"\nUnhideWhenUsed="false" Name="Light Grid Accent 5" />\n<w:LsdException Locked="false" Priority="63" SemiHidden="false"\nUnhideWhenUsed="false" Name="Medium Shading 1 Accent 5" />\n<w:LsdException Locked="false" Priority="64" SemiHidden="false"\nUnhideWhenUsed="false" Name="Medium Shading 2 Accent 5" />\n<w:LsdException Locked="false" Priority="65" SemiHidden="false"\nUnhideWhenUsed="false" Name="Medium List 1 Accent 5" />\n<w:LsdException Locked="false" Priority="66" SemiHidden="false"\nUnhideWhenUsed="false" Name="Medium List 2 Accent 5" />\n<w:LsdException Locked="false" Priority="67" SemiHidden="false"\nUnhideWhenUsed="false" Name="Medium Grid 1 Accent 5" />\n<w:LsdException Locked="false" Priority="68" SemiHidden="false"\nUnhideWhenUsed="false" Name="Medium Grid 2 Accent 5" />\n<w:LsdException Locked="false" Priority="69" SemiHidden="false"\nUnhideWhenUsed="false" Name="Medium Grid 3 Accent 5" />\n<w:LsdException Locked="false" Priority="70" SemiHidden="false"\nUnhideWhenUsed="false" Name="Dark List Accent 5" />\n<w:LsdException Locked="false" Priority="71" SemiHidden="false"\nUnhideWhenUsed="false" Name="Colorful Shading Accent 5" />\n<w:LsdException Locked="false" Priority="72" SemiHidden="false"\nUnhideWhenUsed="false" Name="Colorful List Accent 5" />\n<w:LsdException Locked="false" Priority="73" SemiHidden="false"\nUnhideWhenUsed="false" Name="Colorful Grid Accent 5" />\n<w:LsdException Locked="false" Priority="60" SemiHidden="false"\nUnhideWhenUsed="false" Name="Light Shading Accent 6" />\n<w:LsdException Locked="false" Priority="61" SemiHidden="false"\nUnhideWhenUsed="false" Name="Light List Accent 6" />\n<w:LsdException Locked="false" Priority="62" SemiHidden="false"\nUnhideWhenUsed="false" Name="Light Grid Accent 6" />\n<w:LsdException Locked="false" Priority="63" SemiHidden="false"\nUnhideWhenUsed="false" Name="Medium Shading 1 Accent 6" />\n<w:LsdException Locked="false" Priority="64" SemiHidden="false"\nUnhideWhenUsed="false" Name="Medium Shading 2 Accent 6" />\n<w:LsdException Locked="false" Priority="65" SemiHidden="false"\nUnhideWhenUsed="false" Name="Medium List 1 Accent 6" />\n<w:LsdException Locked="false" Priority="66" SemiHidden="false"\nUnhideWhenUsed="false" Name="Medium List 2 Accent 6" />\n<w:LsdException Locked="false" Priority="67" SemiHidden="false"\nUnhideWhenUsed="false" Name="Medium Grid 1 Accent 6" />\n<w:LsdException Locked="false" Priority="68" SemiHidden="false"\nUnhideWhenUsed="false" Name="Medium Grid 2 Accent 6" />\n<w:LsdException Locked="false" Priority="69" SemiHidden="false"\nUnhideWhenUsed="false" Name="Medium Grid 3 Accent 6" />\n<w:LsdException Locked="false" Priority="70" SemiHidden="false"\nUnhideWhenUsed="false" Name="Dark List Accent 6" />\n<w:LsdException Locked="false" Priority="71" SemiHidden="false"\nUnhideWhenUsed="false" Name="Colorful Shading Accent 6" />\n<w:LsdException Locked="false" Priority="72" SemiHidden="false"\nUnhideWhenUsed="false" Name="Colorful List Accent 6" />\n<w:LsdException Locked="false" Priority="73" SemiHidden="false"\nUnhideWhenUsed="false" Name="Colorful Grid Accent 6" />\n<w:LsdException Locked="false" Priority="19" SemiHidden="false"\nUnhideWhenUsed="false" QFormat="true" Name="Subtle Emphasis" />\n<w:LsdException Locked="false" Priority="21" SemiHidden="false"\nUnhideWhenUsed="false" QFormat="true" Name="Intense Emphasis" />\n<w:LsdException Locked="false" Priority="31" SemiHidden="false"\nUnhideWhenUsed="false" QFormat="true" Name="Subtle Reference" />\n<w:LsdException Locked="false" Priority="32" SemiHidden="false"\nUnhideWhenUsed="false" QFormat="true" Name="Intense Reference" />\n<w:LsdException Locked="false" Priority="33" SemiHidden="false"\nUnhideWhenUsed="false" QFormat="true" Name="Book Title" />\n<w:LsdException Locked="false" Priority="37" Name="Bibliography" />\n<w:LsdException Locked="false" Priority="39" QFormat="true" Name="TOC Heading" />\n</w:LatentStyles>\n</xml><![endif]--><!--[if gte mso 10]>\n<style>\n/* Style Definitions */\ntable.MsoNormalTable\n{mso-style-name:"Table Normal";\nmso-tstyle-rowband-size:0;\nmso-tstyle-colband-size:0;\nmso-style-noshow:yes;\nmso-style-priority:99;\nmso-style-qformat:yes;\nmso-style-parent:"";\nmso-padding-alt:0in 5.4pt 0in 5.4pt;\nmso-para-margin-top:0in;\nmso-para-margin-right:0in;\nmso-para-margin-bottom:10.0pt;\nmso-para-margin-left:0in;\nline-height:115%;\nmso-pagination:widow-orphan;\nfont-size:11.0pt;\nfont-family:"Calibri","sans-serif";\nmso-ascii-font-family:Calibri;\nmso-ascii-theme-font:minor-latin;\nmso-fareast-font-family:"Times New Roman";\nmso-fareast-theme-font:minor-fareast;\nmso-hansi-font-family:Calibri;\nmso-hansi-theme-font:minor-latin;}\n</style>\n<![endif]--></p>\n<p>\n<p class="MsoNormal" style="text-align: justify;">Because, even though there is a huge investment boom in tech and media in Russia and the C.I.S., it is still very much controlled by political and financial elites with embedded interests and, according to analysts, roughjy 90 percent of likely profitable ventures are 80 percent under-valued and lack the capital they need to succeed do primarily to lack of connections and mediators that help them make their companies appeal to Western investors.<span style="mso-spacerun:yes">&nbsp; </span>Likewise, wherease some years ago, it was primarily lack of rule of law that kept investors away from the market, today it has a lot more to do with lack of choice.<span style="mso-spacerun:yes">&nbsp; </span>Many investors want to be able to explore the markets thick and thin according to their specifically-designed citeria, as opposed to that developed by financial Western financial institutions that have become overly embedded in the local political and financial patronage networks, lack certain vision, and essentially allow only passive investment in what are essentially mutual funds.<span style="mso-spacerun:yes">&nbsp;&nbsp;&nbsp; </span>Investors want to invest in companies themselves, or with chosen like-minded partners, paired by Firebird, while they are at their lowest valuations.<span style="mso-spacerun:yes">&nbsp; </span>Many wish to explore confidentially, up until a certain point, which Firebird Speed allows.<span style="mso-spacerun:yes">&nbsp;&nbsp; </span>Finally, investors want to go face to face with the entrpreneirs and ask the questions that are significant to them.<span style="mso-spacerun:yes">&nbsp; </span>Firebird facilitates the face to face interaction from broad data bases and categories of vantures.<span style="mso-spacerun:yes">&nbsp; </span>Likewise, it assissts the Russian and C.I.S. companies packahe and present themselves in a manner that is comfortable to Western investors and, if required, monitor the entire investment process, working with lawyers to confirm the validity of all aspects of the company and paperwork involved and holding monies in FDIC-insured US-based escrow accounts until all equity has been handed over legally, as approved by the investor.<span style="mso-spacerun:yes">&nbsp; </span>Finally, Firebird still provides the opportunity for those investors who are more comfortable working from their armchairs and offices than bouncing about foreign lands while they are tugged at by groups with conflicting interests to calmly and, according to their own rules, control the speed and structure of the investment process without having to make tedious and oftentimes unfulfilling trips.<span style="mso-spacerun:yes">&nbsp; </span>Firebird provides an egalitariian meritocractic-based investment model of companies and investors of all shapes and sizes, allowing for politics, bureaucracy and other pressures to take a back seat to the main goal, which is to maximize the position of both the investor and entrepreneur via the investment and thus create a grass-roots investment climate based solely on worthwhile innovations and models and personalized finanicial evaluations.<span style="mso-spacerun:yes">&nbsp; </span>Add to this comfort of investment from home, saftey and security in financial transfers and documentation, assisstance in tranlsation and interpretation, targeted pairing of investors with interested companies and like-minded partners, and an emphasis on confidentiality.<span style="mso-spacerun:yes">&nbsp; </span>There are the advantages of Firebird Speed.</p>\n<p class="MsoNormal" style="text-align: justify;">&nbsp;</p>\n</p>', 0, 1);
INSERT INTO `pages` VALUES(6, 'Why Crowdfunding', 'Why Crowdfunding', 'Why Crowdfunding', 'Why Crowdfunding', 'Direct Angel Investing, Speed Funding, and Crowdfunding of Russian and C.I.S. tech and media start-ups', 'Firebird will report on all investments made long after the initial transactions are finished and allow the investor direct, regular access to the entrepreneur, while also providing quarterly reports and status updates on the state of all transactions made through its site.', '<p style="text-align: justify;"><!--[if gte mso 9]><xml>\n<w:WordDocument>\n<w:View>Normal</w:View>\n<w:Zoom>0</w:Zoom>\n<w:TrackMoves />\n<w:TrackFormatting />\n<w:PunctuationKerning />\n<w:ValidateAgainstSchemas />\n<w:SaveIfXMLInvalid>false</w:SaveIfXMLInvalid>\n<w:IgnoreMixedContent>false</w:IgnoreMixedContent>\n<w:AlwaysShowPlaceholderText>false</w:AlwaysShowPlaceholderText>\n<w:DoNotPromoteQF />\n<w:LidThemeOther>EN-US</w:LidThemeOther>\n<w:LidThemeAsian>X-NONE</w:LidThemeAsian>\n<w:LidThemeComplexScript>X-NONE</w:LidThemeComplexScript>\n<w:Compatibility>\n<w:BreakWrappedTables />\n<w:SnapToGridInCell />\n<w:WrapTextWithPunct />\n<w:UseAsianBreakRules />\n<w:DontGrowAutofit />\n<w:SplitPgBreakAndParaMark />\n<w:DontVertAlignCellWithSp />\n<w:DontBreakConstrainedForcedTables />\n<w:DontVertAlignInTxbx />\n<w:Word11KerningPairs />\n<w:CachedColBalance />\n</w:Compatibility>\n<m:mathPr>\n<m:mathFont m:val="Cambria Math" />\n<m:brkBin m:val="before" />\n<m:brkBinSub m:val="&#45;-" />\n<m:smallFrac m:val="off" />\n<m:dispDef />\n<m:lMargin m:val="0" />\n<m:rMargin m:val="0" />\n<m:defJc m:val="centerGroup" />\n<m:wrapIndent m:val="1440" />\n<m:intLim m:val="subSup" />\n<m:naryLim m:val="undOvr" />\n</m:mathPr></w:WordDocument>\n</xml><![endif]--></p>\n<p style="text-align: justify;"><!--[if gte mso 9]><xml>\n<w:LatentStyles DefLockedState="false" DefUnhideWhenUsed="true"\nDefSemiHidden="true" DefQFormat="false" DefPriority="99"\nLatentStyleCount="267">\n<w:LsdException Locked="false" Priority="0" SemiHidden="false"\nUnhideWhenUsed="false" QFormat="true" Name="Normal" />\n<w:LsdException Locked="false" Priority="9" SemiHidden="false"\nUnhideWhenUsed="false" QFormat="true" Name="heading 1" />\n<w:LsdException Locked="false" Priority="9" QFormat="true" Name="heading 2" />\n<w:LsdException Locked="false" Priority="9" QFormat="true" Name="heading 3" />\n<w:LsdException Locked="false" Priority="9" QFormat="true" Name="heading 4" />\n<w:LsdException Locked="false" Priority="9" QFormat="true" Name="heading 5" />\n<w:LsdException Locked="false" Priority="9" QFormat="true" Name="heading 6" />\n<w:LsdException Locked="false" Priority="9" QFormat="true" Name="heading 7" />\n<w:LsdException Locked="false" Priority="9" QFormat="true" Name="heading 8" />\n<w:LsdException Locked="false" Priority="9" QFormat="true" Name="heading 9" />\n<w:LsdException Locked="false" Priority="39" Name="toc 1" />\n<w:LsdException Locked="false" Priority="39" Name="toc 2" />\n<w:LsdException Locked="false" Priority="39" Name="toc 3" />\n<w:LsdException Locked="false" Priority="39" Name="toc 4" />\n<w:LsdException Locked="false" Priority="39" Name="toc 5" />\n<w:LsdException Locked="false" Priority="39" Name="toc 6" />\n<w:LsdException Locked="false" Priority="39" Name="toc 7" />\n<w:LsdException Locked="false" Priority="39" Name="toc 8" />\n<w:LsdException Locked="false" Priority="39" Name="toc 9" />\n<w:LsdException Locked="false" Priority="35" QFormat="true" Name="caption" />\n<w:LsdException Locked="false" Priority="10" SemiHidden="false"\nUnhideWhenUsed="false" QFormat="true" Name="Title" />\n<w:LsdException Locked="false" Priority="1" Name="Default Paragraph Font" />\n<w:LsdException Locked="false" Priority="11" SemiHidden="false"\nUnhideWhenUsed="false" QFormat="true" Name="Subtitle" />\n<w:LsdException Locked="false" Priority="22" SemiHidden="false"\nUnhideWhenUsed="false" QFormat="true" Name="Strong" />\n<w:LsdException Locked="false" Priority="20" SemiHidden="false"\nUnhideWhenUsed="false" QFormat="true" Name="Emphasis" />\n<w:LsdException Locked="false" Priority="59" SemiHidden="false"\nUnhideWhenUsed="false" Name="Table Grid" />\n<w:LsdException Locked="false" UnhideWhenUsed="false" Name="Placeholder Text" />\n<w:LsdException Locked="false" Priority="1" SemiHidden="false"\nUnhideWhenUsed="false" QFormat="true" Name="No Spacing" />\n<w:LsdException Locked="false" Priority="60" SemiHidden="false"\nUnhideWhenUsed="false" Name="Light Shading" />\n<w:LsdException Locked="false" Priority="61" SemiHidden="false"\nUnhideWhenUsed="false" Name="Light List" />\n<w:LsdException Locked="false" Priority="62" SemiHidden="false"\nUnhideWhenUsed="false" Name="Light Grid" />\n<w:LsdException Locked="false" Priority="63" SemiHidden="false"\nUnhideWhenUsed="false" Name="Medium Shading 1" />\n<w:LsdException Locked="false" Priority="64" SemiHidden="false"\nUnhideWhenUsed="false" Name="Medium Shading 2" />\n<w:LsdException Locked="false" Priority="65" SemiHidden="false"\nUnhideWhenUsed="false" Name="Medium List 1" />\n<w:LsdException Locked="false" Priority="66" SemiHidden="false"\nUnhideWhenUsed="false" Name="Medium List 2" />\n<w:LsdException Locked="false" Priority="67" SemiHidden="false"\nUnhideWhenUsed="false" Name="Medium Grid 1" />\n<w:LsdException Locked="false" Priority="68" SemiHidden="false"\nUnhideWhenUsed="false" Name="Medium Grid 2" />\n<w:LsdException Locked="false" Priority="69" SemiHidden="false"\nUnhideWhenUsed="false" Name="Medium Grid 3" />\n<w:LsdException Locked="false" Priority="70" SemiHidden="false"\nUnhideWhenUsed="false" Name="Dark List" />\n<w:LsdException Locked="false" Priority="71" SemiHidden="false"\nUnhideWhenUsed="false" Name="Colorful Shading" />\n<w:LsdException Locked="false" Priority="72" SemiHidden="false"\nUnhideWhenUsed="false" Name="Colorful List" />\n<w:LsdException Locked="false" Priority="73" SemiHidden="false"\nUnhideWhenUsed="false" Name="Colorful Grid" />\n<w:LsdException Locked="false" Priority="60" SemiHidden="false"\nUnhideWhenUsed="false" Name="Light Shading Accent 1" />\n<w:LsdException Locked="false" Priority="61" SemiHidden="false"\nUnhideWhenUsed="false" Name="Light List Accent 1" />\n<w:LsdException Locked="false" Priority="62" SemiHidden="false"\nUnhideWhenUsed="false" Name="Light Grid Accent 1" />\n<w:LsdException Locked="false" Priority="63" SemiHidden="false"\nUnhideWhenUsed="false" Name="Medium Shading 1 Accent 1" />\n<w:LsdException Locked="false" Priority="64" SemiHidden="false"\nUnhideWhenUsed="false" Name="Medium Shading 2 Accent 1" />\n<w:LsdException Locked="false" Priority="65" SemiHidden="false"\nUnhideWhenUsed="false" Name="Medium List 1 Accent 1" />\n<w:LsdException Locked="false" UnhideWhenUsed="false" Name="Revision" />\n<w:LsdException Locked="false" Priority="34" SemiHidden="false"\nUnhideWhenUsed="false" QFormat="true" Name="List Paragraph" />\n<w:LsdException Locked="false" Priority="29" SemiHidden="false"\nUnhideWhenUsed="false" QFormat="true" Name="Quote" />\n<w:LsdException Locked="false" Priority="30" SemiHidden="false"\nUnhideWhenUsed="false" QFormat="true" Name="Intense Quote" />\n<w:LsdException Locked="false" Priority="66" SemiHidden="false"\nUnhideWhenUsed="false" Name="Medium List 2 Accent 1" />\n<w:LsdException Locked="false" Priority="67" SemiHidden="false"\nUnhideWhenUsed="false" Name="Medium Grid 1 Accent 1" />\n<w:LsdException Locked="false" Priority="68" SemiHidden="false"\nUnhideWhenUsed="false" Name="Medium Grid 2 Accent 1" />\n<w:LsdException Locked="false" Priority="69" SemiHidden="false"\nUnhideWhenUsed="false" Name="Medium Grid 3 Accent 1" />\n<w:LsdException Locked="false" Priority="70" SemiHidden="false"\nUnhideWhenUsed="false" Name="Dark List Accent 1" />\n<w:LsdException Locked="false" Priority="71" SemiHidden="false"\nUnhideWhenUsed="false" Name="Colorful Shading Accent 1" />\n<w:LsdException Locked="false" Priority="72" SemiHidden="false"\nUnhideWhenUsed="false" Name="Colorful List Accent 1" />\n<w:LsdException Locked="false" Priority="73" SemiHidden="false"\nUnhideWhenUsed="false" Name="Colorful Grid Accent 1" />\n<w:LsdException Locked="false" Priority="60" SemiHidden="false"\nUnhideWhenUsed="false" Name="Light Shading Accent 2" />\n<w:LsdException Locked="false" Priority="61" SemiHidden="false"\nUnhideWhenUsed="false" Name="Light List Accent 2" />\n<w:LsdException Locked="false" Priority="62" SemiHidden="false"\nUnhideWhenUsed="false" Name="Light Grid Accent 2" />\n<w:LsdException Locked="false" Priority="63" SemiHidden="false"\nUnhideWhenUsed="false" Name="Medium Shading 1 Accent 2" />\n<w:LsdException Locked="false" Priority="64" SemiHidden="false"\nUnhideWhenUsed="false" Name="Medium Shading 2 Accent 2" />\n<w:LsdException Locked="false" Priority="65" SemiHidden="false"\nUnhideWhenUsed="false" Name="Medium List 1 Accent 2" />\n<w:LsdException Locked="false" Priority="66" SemiHidden="false"\nUnhideWhenUsed="false" Name="Medium List 2 Accent 2" />\n<w:LsdException Locked="false" Priority="67" SemiHidden="false"\nUnhideWhenUsed="false" Name="Medium Grid 1 Accent 2" />\n<w:LsdException Locked="false" Priority="68" SemiHidden="false"\nUnhideWhenUsed="false" Name="Medium Grid 2 Accent 2" />\n<w:LsdException Locked="false" Priority="69" SemiHidden="false"\nUnhideWhenUsed="false" Name="Medium Grid 3 Accent 2" />\n<w:LsdException Locked="false" Priority="70" SemiHidden="false"\nUnhideWhenUsed="false" Name="Dark List Accent 2" />\n<w:LsdException Locked="false" Priority="71" SemiHidden="false"\nUnhideWhenUsed="false" Name="Colorful Shading Accent 2" />\n<w:LsdException Locked="false" Priority="72" SemiHidden="false"\nUnhideWhenUsed="false" Name="Colorful List Accent 2" />\n<w:LsdException Locked="false" Priority="73" SemiHidden="false"\nUnhideWhenUsed="false" Name="Colorful Grid Accent 2" />\n<w:LsdException Locked="false" Priority="60" SemiHidden="false"\nUnhideWhenUsed="false" Name="Light Shading Accent 3" />\n<w:LsdException Locked="false" Priority="61" SemiHidden="false"\nUnhideWhenUsed="false" Name="Light List Accent 3" />\n<w:LsdException Locked="false" Priority="62" SemiHidden="false"\nUnhideWhenUsed="false" Name="Light Grid Accent 3" />\n<w:LsdException Locked="false" Priority="63" SemiHidden="false"\nUnhideWhenUsed="false" Name="Medium Shading 1 Accent 3" />\n<w:LsdException Locked="false" Priority="64" SemiHidden="false"\nUnhideWhenUsed="false" Name="Medium Shading 2 Accent 3" />\n<w:LsdException Locked="false" Priority="65" SemiHidden="false"\nUnhideWhenUsed="false" Name="Medium List 1 Accent 3" />\n<w:LsdException Locked="false" Priority="66" SemiHidden="false"\nUnhideWhenUsed="false" Name="Medium List 2 Accent 3" />\n<w:LsdException Locked="false" Priority="67" SemiHidden="false"\nUnhideWhenUsed="false" Name="Medium Grid 1 Accent 3" />\n<w:LsdException Locked="false" Priority="68" SemiHidden="false"\nUnhideWhenUsed="false" Name="Medium Grid 2 Accent 3" />\n<w:LsdException Locked="false" Priority="69" SemiHidden="false"\nUnhideWhenUsed="false" Name="Medium Grid 3 Accent 3" />\n<w:LsdException Locked="false" Priority="70" SemiHidden="false"\nUnhideWhenUsed="false" Name="Dark List Accent 3" />\n<w:LsdException Locked="false" Priority="71" SemiHidden="false"\nUnhideWhenUsed="false" Name="Colorful Shading Accent 3" />\n<w:LsdException Locked="false" Priority="72" SemiHidden="false"\nUnhideWhenUsed="false" Name="Colorful List Accent 3" />\n<w:LsdException Locked="false" Priority="73" SemiHidden="false"\nUnhideWhenUsed="false" Name="Colorful Grid Accent 3" />\n<w:LsdException Locked="false" Priority="60" SemiHidden="false"\nUnhideWhenUsed="false" Name="Light Shading Accent 4" />\n<w:LsdException Locked="false" Priority="61" SemiHidden="false"\nUnhideWhenUsed="false" Name="Light List Accent 4" />\n<w:LsdException Locked="false" Priority="62" SemiHidden="false"\nUnhideWhenUsed="false" Name="Light Grid Accent 4" />\n<w:LsdException Locked="false" Priority="63" SemiHidden="false"\nUnhideWhenUsed="false" Name="Medium Shading 1 Accent 4" />\n<w:LsdException Locked="false" Priority="64" SemiHidden="false"\nUnhideWhenUsed="false" Name="Medium Shading 2 Accent 4" />\n<w:LsdException Locked="false" Priority="65" SemiHidden="false"\nUnhideWhenUsed="false" Name="Medium List 1 Accent 4" />\n<w:LsdException Locked="false" Priority="66" SemiHidden="false"\nUnhideWhenUsed="false" Name="Medium List 2 Accent 4" />\n<w:LsdException Locked="false" Priority="67" SemiHidden="false"\nUnhideWhenUsed="false" Name="Medium Grid 1 Accent 4" />\n<w:LsdException Locked="false" Priority="68" SemiHidden="false"\nUnhideWhenUsed="false" Name="Medium Grid 2 Accent 4" />\n<w:LsdException Locked="false" Priority="69" SemiHidden="false"\nUnhideWhenUsed="false" Name="Medium Grid 3 Accent 4" />\n<w:LsdException Locked="false" Priority="70" SemiHidden="false"\nUnhideWhenUsed="false" Name="Dark List Accent 4" />\n<w:LsdException Locked="false" Priority="71" SemiHidden="false"\nUnhideWhenUsed="false" Name="Colorful Shading Accent 4" />\n<w:LsdException Locked="false" Priority="72" SemiHidden="false"\nUnhideWhenUsed="false" Name="Colorful List Accent 4" />\n<w:LsdException Locked="false" Priority="73" SemiHidden="false"\nUnhideWhenUsed="false" Name="Colorful Grid Accent 4" />\n<w:LsdException Locked="false" Priority="60" SemiHidden="false"\nUnhideWhenUsed="false" Name="Light Shading Accent 5" />\n<w:LsdException Locked="false" Priority="61" SemiHidden="false"\nUnhideWhenUsed="false" Name="Light List Accent 5" />\n<w:LsdException Locked="false" Priority="62" SemiHidden="false"\nUnhideWhenUsed="false" Name="Light Grid Accent 5" />\n<w:LsdException Locked="false" Priority="63" SemiHidden="false"\nUnhideWhenUsed="false" Name="Medium Shading 1 Accent 5" />\n<w:LsdException Locked="false" Priority="64" SemiHidden="false"\nUnhideWhenUsed="false" Name="Medium Shading 2 Accent 5" />\n<w:LsdException Locked="false" Priority="65" SemiHidden="false"\nUnhideWhenUsed="false" Name="Medium List 1 Accent 5" />\n<w:LsdException Locked="false" Priority="66" SemiHidden="false"\nUnhideWhenUsed="false" Name="Medium List 2 Accent 5" />\n<w:LsdException Locked="false" Priority="67" SemiHidden="false"\nUnhideWhenUsed="false" Name="Medium Grid 1 Accent 5" />\n<w:LsdException Locked="false" Priority="68" SemiHidden="false"\nUnhideWhenUsed="false" Name="Medium Grid 2 Accent 5" />\n<w:LsdException Locked="false" Priority="69" SemiHidden="false"\nUnhideWhenUsed="false" Name="Medium Grid 3 Accent 5" />\n<w:LsdException Locked="false" Priority="70" SemiHidden="false"\nUnhideWhenUsed="false" Name="Dark List Accent 5" />\n<w:LsdException Locked="false" Priority="71" SemiHidden="false"\nUnhideWhenUsed="false" Name="Colorful Shading Accent 5" />\n<w:LsdException Locked="false" Priority="72" SemiHidden="false"\nUnhideWhenUsed="false" Name="Colorful List Accent 5" />\n<w:LsdException Locked="false" Priority="73" SemiHidden="false"\nUnhideWhenUsed="false" Name="Colorful Grid Accent 5" />\n<w:LsdException Locked="false" Priority="60" SemiHidden="false"\nUnhideWhenUsed="false" Name="Light Shading Accent 6" />\n<w:LsdException Locked="false" Priority="61" SemiHidden="false"\nUnhideWhenUsed="false" Name="Light List Accent 6" />\n<w:LsdException Locked="false" Priority="62" SemiHidden="false"\nUnhideWhenUsed="false" Name="Light Grid Accent 6" />\n<w:LsdException Locked="false" Priority="63" SemiHidden="false"\nUnhideWhenUsed="false" Name="Medium Shading 1 Accent 6" />\n<w:LsdException Locked="false" Priority="64" SemiHidden="false"\nUnhideWhenUsed="false" Name="Medium Shading 2 Accent 6" />\n<w:LsdException Locked="false" Priority="65" SemiHidden="false"\nUnhideWhenUsed="false" Name="Medium List 1 Accent 6" />\n<w:LsdException Locked="false" Priority="66" SemiHidden="false"\nUnhideWhenUsed="false" Name="Medium List 2 Accent 6" />\n<w:LsdException Locked="false" Priority="67" SemiHidden="false"\nUnhideWhenUsed="false" Name="Medium Grid 1 Accent 6" />\n<w:LsdException Locked="false" Priority="68" SemiHidden="false"\nUnhideWhenUsed="false" Name="Medium Grid 2 Accent 6" />\n<w:LsdException Locked="false" Priority="69" SemiHidden="false"\nUnhideWhenUsed="false" Name="Medium Grid 3 Accent 6" />\n<w:LsdException Locked="false" Priority="70" SemiHidden="false"\nUnhideWhenUsed="false" Name="Dark List Accent 6" />\n<w:LsdException Locked="false" Priority="71" SemiHidden="false"\nUnhideWhenUsed="false" Name="Colorful Shading Accent 6" />\n<w:LsdException Locked="false" Priority="72" SemiHidden="false"\nUnhideWhenUsed="false" Name="Colorful List Accent 6" />\n<w:LsdException Locked="false" Priority="73" SemiHidden="false"\nUnhideWhenUsed="false" Name="Colorful Grid Accent 6" />\n<w:LsdException Locked="false" Priority="19" SemiHidden="false"\nUnhideWhenUsed="false" QFormat="true" Name="Subtle Emphasis" />\n<w:LsdException Locked="false" Priority="21" SemiHidden="false"\nUnhideWhenUsed="false" QFormat="true" Name="Intense Emphasis" />\n<w:LsdException Locked="false" Priority="31" SemiHidden="false"\nUnhideWhenUsed="false" QFormat="true" Name="Subtle Reference" />\n<w:LsdException Locked="false" Priority="32" SemiHidden="false"\nUnhideWhenUsed="false" QFormat="true" Name="Intense Reference" />\n<w:LsdException Locked="false" Priority="33" SemiHidden="false"\nUnhideWhenUsed="false" QFormat="true" Name="Book Title" />\n<w:LsdException Locked="false" Priority="37" Name="Bibliography" />\n<w:LsdException Locked="false" Priority="39" QFormat="true" Name="TOC Heading" />\n</w:LatentStyles>\n</xml><![endif]--><!--[if gte mso 10]>\n<style>\n/* Style Definitions */\ntable.MsoNormalTable\n{mso-style-name:"Table Normal";\nmso-tstyle-rowband-size:0;\nmso-tstyle-colband-size:0;\nmso-style-noshow:yes;\nmso-style-priority:99;\nmso-style-qformat:yes;\nmso-style-parent:"";\nmso-padding-alt:0in 5.4pt 0in 5.4pt;\nmso-para-margin-top:0in;\nmso-para-margin-right:0in;\nmso-para-margin-bottom:10.0pt;\nmso-para-margin-left:0in;\nline-height:115%;\nmso-pagination:widow-orphan;\nfont-size:11.0pt;\nfont-family:"Calibri","sans-serif";\nmso-ascii-font-family:Calibri;\nmso-ascii-theme-font:minor-latin;\nmso-fareast-font-family:"Times New Roman";\nmso-fareast-theme-font:minor-fareast;\nmso-hansi-font-family:Calibri;\nmso-hansi-theme-font:minor-latin;}\n</style>\n<![endif]--></p>\n<p>\n<p class="MsoNormal">Crowdfunding, as opposed to Speed Funding, which is really just a first round to more in depth and serious financial negotiations, allows for the participation of a broader audience, albeit one with individual that seek smaller and, unless otherwise appproved by the SEC, more socially-minded investment opportunities.<span style="mso-spacerun:yes">&nbsp; </span>As the laws pass that will allow crowdfunding to grow and expand on a borader basis to equity investments, however, it provides yet another solution for allowing investors to dabble before they dive and experience various types of investment strategies and models.</p>\n<p class="MsoNormal">Firebird will report on all investments made long after the initial transactions are finished and allow the investor direct, regular access to the entrepreneur, while also providing quarterly reports and status updates on the state of all transactions made through its site.</p>\n</p>', 0, 1);
INSERT INTO `pages` VALUES(7, 'FAQ :Firebird Speed - where today''s investors find the ideas that will change tomorrow.', 'F.A.Q.', 'F.A.Q.', 'F.A.Q.', 'Direct Angel Investing, Speed Funding, and Crowdfunding of Russian and C.I.S. tech and media start-ups', 'should really just be a chat forum where users can post questions that we will answer and will get stored gradually in a database.  Remember, you also have the explanatory video for page 1.', '<p style="text-align: justify;"><!--[if gte mso 9]><xml>\n<w:WordDocument>\n<w:View>Normal</w:View>\n<w:Zoom>0</w:Zoom>\n<w:TrackMoves />\n<w:TrackFormatting />\n<w:PunctuationKerning />\n<w:ValidateAgainstSchemas />\n<w:SaveIfXMLInvalid>false</w:SaveIfXMLInvalid>\n<w:IgnoreMixedContent>false</w:IgnoreMixedContent>\n<w:AlwaysShowPlaceholderText>false</w:AlwaysShowPlaceholderText>\n<w:DoNotPromoteQF />\n<w:LidThemeOther>EN-US</w:LidThemeOther>\n<w:LidThemeAsian>X-NONE</w:LidThemeAsian>\n<w:LidThemeComplexScript>X-NONE</w:LidThemeComplexScript>\n<w:Compatibility>\n<w:BreakWrappedTables />\n<w:SnapToGridInCell />\n<w:WrapTextWithPunct />\n<w:UseAsianBreakRules />\n<w:DontGrowAutofit />\n<w:SplitPgBreakAndParaMark />\n<w:DontVertAlignCellWithSp />\n<w:DontBreakConstrainedForcedTables />\n<w:DontVertAlignInTxbx />\n<w:Word11KerningPairs />\n<w:CachedColBalance />\n</w:Compatibility>\n<m:mathPr>\n<m:mathFont m:val="Cambria Math" />\n<m:brkBin m:val="before" />\n<m:brkBinSub m:val="&#45;-" />\n<m:smallFrac m:val="off" />\n<m:dispDef />\n<m:lMargin m:val="0" />\n<m:rMargin m:val="0" />\n<m:defJc m:val="centerGroup" />\n<m:wrapIndent m:val="1440" />\n<m:intLim m:val="subSup" />\n<m:naryLim m:val="undOvr" />\n</m:mathPr></w:WordDocument>\n</xml><![endif]--></p>\n<p class="MsoNormal">should really just be a chat forum where users can post questions that we will answer and will get stored gradually in a database.<span style="mso-spacerun:yes">&nbsp; </span>Remember, you also have the explanatory video for page 1.</p>\n<p class="MsoNormal">Firebird Speed, a division of Firebird International Consulting, 136 Madison Avenue, New York, NY 10016<span style="mso-spacerun:yes">&nbsp;&nbsp;&nbsp; </span>If you are in investor, please address all questions, concerns and comments to comments@speedfundrussia.com or comments@firebirdspeed.ru.<span style="mso-spacerun:yes">&nbsp; </span>We will answer within a 24 hour period.<span style="mso-spacerun:yes">&nbsp; </span>If you need immediate help between<span style="mso-spacerun:yes">&nbsp; </span>6am and 6pm EST, please call 1-800-593-4356, toll free from the US, +442085880608 from 11am-11pm GMT.<span style="mso-spacerun:yes">&nbsp; </span>To chat with a NYC financial or legal rep, call 646-722-3300 between 9am and 6pm EST.<span style="mso-spacerun:yes">&nbsp; </span>If you are having technical problems, please write to tech@speedfundrussia.com or tech@firebirdspeed.ru (satya, i will set you up with this email.)<span style="mso-spacerun:yes">&nbsp; </span>If you are a company, seeking guidance or assisstance, please submit a query to companies@firebirdspeed.ru and you will be responded to within 24 hours.<span style="mso-spacerun:yes">&nbsp; </span>If you wish to speak to someone in Russian, please indicate your call back information and a Russian number we can reach you at.<span style="mso-spacerun:yes">&nbsp; </span>Finally, if you would like to chat online with our operators during EST working hours, please click on the chat icon, which will connect you directly to a staff member.</p>\n<p style="text-align: justify;"><!--[if gte mso 9]><xml>\n<w:LatentStyles DefLockedState="false" DefUnhideWhenUsed="true"\nDefSemiHidden="true" DefQFormat="false" DefPriority="99"\nLatentStyleCount="267">\n<w:LsdException Locked="false" Priority="0" SemiHidden="false"\nUnhideWhenUsed="false" QFormat="true" Name="Normal" />\n<w:LsdException Locked="false" Priority="9" SemiHidden="false"\nUnhideWhenUsed="false" QFormat="true" Name="heading 1" />\n<w:LsdException Locked="false" Priority="9" QFormat="true" Name="heading 2" />\n<w:LsdException Locked="false" Priority="9" QFormat="true" Name="heading 3" />\n<w:LsdException Locked="false" Priority="9" QFormat="true" Name="heading 4" />\n<w:LsdException Locked="false" Priority="9" QFormat="true" Name="heading 5" />\n<w:LsdException Locked="false" Priority="9" QFormat="true" Name="heading 6" />\n<w:LsdException Locked="false" Priority="9" QFormat="true" Name="heading 7" />\n<w:LsdException Locked="false" Priority="9" QFormat="true" Name="heading 8" />\n<w:LsdException Locked="false" Priority="9" QFormat="true" Name="heading 9" />\n<w:LsdException Locked="false" Priority="39" Name="toc 1" />\n<w:LsdException Locked="false" Priority="39" Name="toc 2" />\n<w:LsdException Locked="false" Priority="39" Name="toc 3" />\n<w:LsdException Locked="false" Priority="39" Name="toc 4" />\n<w:LsdException Locked="false" Priority="39" Name="toc 5" />\n<w:LsdException Locked="false" Priority="39" Name="toc 6" />\n<w:LsdException Locked="false" Priority="39" Name="toc 7" />\n<w:LsdException Locked="false" Priority="39" Name="toc 8" />\n<w:LsdException Locked="false" Priority="39" Name="toc 9" />\n<w:LsdException Locked="false" Priority="35" QFormat="true" Name="caption" />\n<w:LsdException Locked="false" Priority="10" SemiHidden="false"\nUnhideWhenUsed="false" QFormat="true" Name="Title" />\n<w:LsdException Locked="false" Priority="1" Name="Default Paragraph Font" />\n<w:LsdException Locked="false" Priority="11" SemiHidden="false"\nUnhideWhenUsed="false" QFormat="true" Name="Subtitle" />\n<w:LsdException Locked="false" Priority="22" SemiHidden="false"\nUnhideWhenUsed="false" QFormat="true" Name="Strong" />\n<w:LsdException Locked="false" Priority="20" SemiHidden="false"\nUnhideWhenUsed="false" QFormat="true" Name="Emphasis" />\n<w:LsdException Locked="false" Priority="59" SemiHidden="false"\nUnhideWhenUsed="false" Name="Table Grid" />\n<w:LsdException Locked="false" UnhideWhenUsed="false" Name="Placeholder Text" />\n<w:LsdException Locked="false" Priority="1" SemiHidden="false"\nUnhideWhenUsed="false" QFormat="true" Name="No Spacing" />\n<w:LsdException Locked="false" Priority="60" SemiHidden="false"\nUnhideWhenUsed="false" Name="Light Shading" />\n<w:LsdException Locked="false" Priority="61" SemiHidden="false"\nUnhideWhenUsed="false" Name="Light List" />\n<w:LsdException Locked="false" Priority="62" SemiHidden="false"\nUnhideWhenUsed="false" Name="Light Grid" />\n<w:LsdException Locked="false" Priority="63" SemiHidden="false"\nUnhideWhenUsed="false" Name="Medium Shading 1" />\n<w:LsdException Locked="false" Priority="64" SemiHidden="false"\nUnhideWhenUsed="false" Name="Medium Shading 2" />\n<w:LsdException Locked="false" Priority="65" SemiHidden="false"\nUnhideWhenUsed="false" Name="Medium List 1" />\n<w:LsdException Locked="false" Priority="66" SemiHidden="false"\nUnhideWhenUsed="false" Name="Medium List 2" />\n<w:LsdException Locked="false" Priority="67" SemiHidden="false"\nUnhideWhenUsed="false" Name="Medium Grid 1" />\n<w:LsdException Locked="false" Priority="68" SemiHidden="false"\nUnhideWhenUsed="false" Name="Medium Grid 2" />\n<w:LsdException Locked="false" Priority="69" SemiHidden="false"\nUnhideWhenUsed="false" Name="Medium Grid 3" />\n<w:LsdException Locked="false" Priority="70" SemiHidden="false"\nUnhideWhenUsed="false" Name="Dark List" />\n<w:LsdException Locked="false" Priority="71" SemiHidden="false"\nUnhideWhenUsed="false" Name="Colorful Shading" />\n<w:LsdException Locked="false" Priority="72" SemiHidden="false"\nUnhideWhenUsed="false" Name="Colorful List" />\n<w:LsdException Locked="false" Priority="73" SemiHidden="false"\nUnhideWhenUsed="false" Name="Colorful Grid" />\n<w:LsdException Locked="false" Priority="60" SemiHidden="false"\nUnhideWhenUsed="false" Name="Light Shading Accent 1" />\n<w:LsdException Locked="false" Priority="61" SemiHidden="false"\nUnhideWhenUsed="false" Name="Light List Accent 1" />\n<w:LsdException Locked="false" Priority="62" SemiHidden="false"\nUnhideWhenUsed="false" Name="Light Grid Accent 1" />\n<w:LsdException Locked="false" Priority="63" SemiHidden="false"\nUnhideWhenUsed="false" Name="Medium Shading 1 Accent 1" />\n<w:LsdException Locked="false" Priority="64" SemiHidden="false"\nUnhideWhenUsed="false" Name="Medium Shading 2 Accent 1" />\n<w:LsdException Locked="false" Priority="65" SemiHidden="false"\nUnhideWhenUsed="false" Name="Medium List 1 Accent 1" />\n<w:LsdException Locked="false" UnhideWhenUsed="false" Name="Revision" />\n<w:LsdException Locked="false" Priority="34" SemiHidden="false"\nUnhideWhenUsed="false" QFormat="true" Name="List Paragraph" />\n<w:LsdException Locked="false" Priority="29" SemiHidden="false"\nUnhideWhenUsed="false" QFormat="true" Name="Quote" />\n<w:LsdException Locked="false" Priority="30" SemiHidden="false"\nUnhideWhenUsed="false" QFormat="true" Name="Intense Quote" />\n<w:LsdException Locked="false" Priority="66" SemiHidden="false"\nUnhideWhenUsed="false" Name="Medium List 2 Accent 1" />\n<w:LsdException Locked="false" Priority="67" SemiHidden="false"\nUnhideWhenUsed="false" Name="Medium Grid 1 Accent 1" />\n<w:LsdException Locked="false" Priority="68" SemiHidden="false"\nUnhideWhenUsed="false" Name="Medium Grid 2 Accent 1" />\n<w:LsdException Locked="false" Priority="69" SemiHidden="false"\nUnhideWhenUsed="false" Name="Medium Grid 3 Accent 1" />\n<w:LsdException Locked="false" Priority="70" SemiHidden="false"\nUnhideWhenUsed="false" Name="Dark List Accent 1" />\n<w:LsdException Locked="false" Priority="71" SemiHidden="false"\nUnhideWhenUsed="false" Name="Colorful Shading Accent 1" />\n<w:LsdException Locked="false" Priority="72" SemiHidden="false"\nUnhideWhenUsed="false" Name="Colorful List Accent 1" />\n<w:LsdException Locked="false" Priority="73" SemiHidden="false"\nUnhideWhenUsed="false" Name="Colorful Grid Accent 1" />\n<w:LsdException Locked="false" Priority="60" SemiHidden="false"\nUnhideWhenUsed="false" Name="Light Shading Accent 2" />\n<w:LsdException Locked="false" Priority="61" SemiHidden="false"\nUnhideWhenUsed="false" Name="Light List Accent 2" />\n<w:LsdException Locked="false" Priority="62" SemiHidden="false"\nUnhideWhenUsed="false" Name="Light Grid Accent 2" />\n<w:LsdException Locked="false" Priority="63" SemiHidden="false"\nUnhideWhenUsed="false" Name="Medium Shading 1 Accent 2" />\n<w:LsdException Locked="false" Priority="64" SemiHidden="false"\nUnhideWhenUsed="false" Name="Medium Shading 2 Accent 2" />\n<w:LsdException Locked="false" Priority="65" SemiHidden="false"\nUnhideWhenUsed="false" Name="Medium List 1 Accent 2" />\n<w:LsdException Locked="false" Priority="66" SemiHidden="false"\nUnhideWhenUsed="false" Name="Medium List 2 Accent 2" />\n<w:LsdException Locked="false" Priority="67" SemiHidden="false"\nUnhideWhenUsed="false" Name="Medium Grid 1 Accent 2" />\n<w:LsdException Locked="false" Priority="68" SemiHidden="false"\nUnhideWhenUsed="false" Name="Medium Grid 2 Accent 2" />\n<w:LsdException Locked="false" Priority="69" SemiHidden="false"\nUnhideWhenUsed="false" Name="Medium Grid 3 Accent 2" />\n<w:LsdException Locked="false" Priority="70" SemiHidden="false"\nUnhideWhenUsed="false" Name="Dark List Accent 2" />\n<w:LsdException Locked="false" Priority="71" SemiHidden="false"\nUnhideWhenUsed="false" Name="Colorful Shading Accent 2" />\n<w:LsdException Locked="false" Priority="72" SemiHidden="false"\nUnhideWhenUsed="false" Name="Colorful List Accent 2" />\n<w:LsdException Locked="false" Priority="73" SemiHidden="false"\nUnhideWhenUsed="false" Name="Colorful Grid Accent 2" />\n<w:LsdException Locked="false" Priority="60" SemiHidden="false"\nUnhideWhenUsed="false" Name="Light Shading Accent 3" />\n<w:LsdException Locked="false" Priority="61" SemiHidden="false"\nUnhideWhenUsed="false" Name="Light List Accent 3" />\n<w:LsdException Locked="false" Priority="62" SemiHidden="false"\nUnhideWhenUsed="false" Name="Light Grid Accent 3" />\n<w:LsdException Locked="false" Priority="63" SemiHidden="false"\nUnhideWhenUsed="false" Name="Medium Shading 1 Accent 3" />\n<w:LsdException Locked="false" Priority="64" SemiHidden="false"\nUnhideWhenUsed="false" Name="Medium Shading 2 Accent 3" />\n<w:LsdException Locked="false" Priority="65" SemiHidden="false"\nUnhideWhenUsed="false" Name="Medium List 1 Accent 3" />\n<w:LsdException Locked="false" Priority="66" SemiHidden="false"\nUnhideWhenUsed="false" Name="Medium List 2 Accent 3" />\n<w:LsdException Locked="false" Priority="67" SemiHidden="false"\nUnhideWhenUsed="false" Name="Medium Grid 1 Accent 3" />\n<w:LsdException Locked="false" Priority="68" SemiHidden="false"\nUnhideWhenUsed="false" Name="Medium Grid 2 Accent 3" />\n<w:LsdException Locked="false" Priority="69" SemiHidden="false"\nUnhideWhenUsed="false" Name="Medium Grid 3 Accent 3" />\n<w:LsdException Locked="false" Priority="70" SemiHidden="false"\nUnhideWhenUsed="false" Name="Dark List Accent 3" />\n<w:LsdException Locked="false" Priority="71" SemiHidden="false"\nUnhideWhenUsed="false" Name="Colorful Shading Accent 3" />\n<w:LsdException Locked="false" Priority="72" SemiHidden="false"\nUnhideWhenUsed="false" Name="Colorful List Accent 3" />\n<w:LsdException Locked="false" Priority="73" SemiHidden="false"\nUnhideWhenUsed="false" Name="Colorful Grid Accent 3" />\n<w:LsdException Locked="false" Priority="60" SemiHidden="false"\nUnhideWhenUsed="false" Name="Light Shading Accent 4" />\n<w:LsdException Locked="false" Priority="61" SemiHidden="false"\nUnhideWhenUsed="false" Name="Light List Accent 4" />\n<w:LsdException Locked="false" Priority="62" SemiHidden="false"\nUnhideWhenUsed="false" Name="Light Grid Accent 4" />\n<w:LsdException Locked="false" Priority="63" SemiHidden="false"\nUnhideWhenUsed="false" Name="Medium Shading 1 Accent 4" />\n<w:LsdException Locked="false" Priority="64" SemiHidden="false"\nUnhideWhenUsed="false" Name="Medium Shading 2 Accent 4" />\n<w:LsdException Locked="false" Priority="65" SemiHidden="false"\nUnhideWhenUsed="false" Name="Medium List 1 Accent 4" />\n<w:LsdException Locked="false" Priority="66" SemiHidden="false"\nUnhideWhenUsed="false" Name="Medium List 2 Accent 4" />\n<w:LsdException Locked="false" Priority="67" SemiHidden="false"\nUnhideWhenUsed="false" Name="Medium Grid 1 Accent 4" />\n<w:LsdException Locked="false" Priority="68" SemiHidden="false"\nUnhideWhenUsed="false" Name="Medium Grid 2 Accent 4" />\n<w:LsdException Locked="false" Priority="69" SemiHidden="false"\nUnhideWhenUsed="false" Name="Medium Grid 3 Accent 4" />\n<w:LsdException Locked="false" Priority="70" SemiHidden="false"\nUnhideWhenUsed="false" Name="Dark List Accent 4" />\n<w:LsdException Locked="false" Priority="71" SemiHidden="false"\nUnhideWhenUsed="false" Name="Colorful Shading Accent 4" />\n<w:LsdException Locked="false" Priority="72" SemiHidden="false"\nUnhideWhenUsed="false" Name="Colorful List Accent 4" />\n<w:LsdException Locked="false" Priority="73" SemiHidden="false"\nUnhideWhenUsed="false" Name="Colorful Grid Accent 4" />\n<w:LsdException Locked="false" Priority="60" SemiHidden="false"\nUnhideWhenUsed="false" Name="Light Shading Accent 5" />\n<w:LsdException Locked="false" Priority="61" SemiHidden="false"\nUnhideWhenUsed="false" Name="Light List Accent 5" />\n<w:LsdException Locked="false" Priority="62" SemiHidden="false"\nUnhideWhenUsed="false" Name="Light Grid Accent 5" />\n<w:LsdException Locked="false" Priority="63" SemiHidden="false"\nUnhideWhenUsed="false" Name="Medium Shading 1 Accent 5" />\n<w:LsdException Locked="false" Priority="64" SemiHidden="false"\nUnhideWhenUsed="false" Name="Medium Shading 2 Accent 5" />\n<w:LsdException Locked="false" Priority="65" SemiHidden="false"\nUnhideWhenUsed="false" Name="Medium List 1 Accent 5" />\n<w:LsdException Locked="false" Priority="66" SemiHidden="false"\nUnhideWhenUsed="false" Name="Medium List 2 Accent 5" />\n<w:LsdException Locked="false" Priority="67" SemiHidden="false"\nUnhideWhenUsed="false" Name="Medium Grid 1 Accent 5" />\n<w:LsdException Locked="false" Priority="68" SemiHidden="false"\nUnhideWhenUsed="false" Name="Medium Grid 2 Accent 5" />\n<w:LsdException Locked="false" Priority="69" SemiHidden="false"\nUnhideWhenUsed="false" Name="Medium Grid 3 Accent 5" />\n<w:LsdException Locked="false" Priority="70" SemiHidden="false"\nUnhideWhenUsed="false" Name="Dark List Accent 5" />\n<w:LsdException Locked="false" Priority="71" SemiHidden="false"\nUnhideWhenUsed="false" Name="Colorful Shading Accent 5" />\n<w:LsdException Locked="false" Priority="72" SemiHidden="false"\nUnhideWhenUsed="false" Name="Colorful List Accent 5" />\n<w:LsdException Locked="false" Priority="73" SemiHidden="false"\nUnhideWhenUsed="false" Name="Colorful Grid Accent 5" />\n<w:LsdException Locked="false" Priority="60" SemiHidden="false"\nUnhideWhenUsed="false" Name="Light Shading Accent 6" />\n<w:LsdException Locked="false" Priority="61" SemiHidden="false"\nUnhideWhenUsed="false" Name="Light List Accent 6" />\n<w:LsdException Locked="false" Priority="62" SemiHidden="false"\nUnhideWhenUsed="false" Name="Light Grid Accent 6" />\n<w:LsdException Locked="false" Priority="63" SemiHidden="false"\nUnhideWhenUsed="false" Name="Medium Shading 1 Accent 6" />\n<w:LsdException Locked="false" Priority="64" SemiHidden="false"\nUnhideWhenUsed="false" Name="Medium Shading 2 Accent 6" />\n<w:LsdException Locked="false" Priority="65" SemiHidden="false"\nUnhideWhenUsed="false" Name="Medium List 1 Accent 6" />\n<w:LsdException Locked="false" Priority="66" SemiHidden="false"\nUnhideWhenUsed="false" Name="Medium List 2 Accent 6" />\n<w:LsdException Locked="false" Priority="67" SemiHidden="false"\nUnhideWhenUsed="false" Name="Medium Grid 1 Accent 6" />\n<w:LsdException Locked="false" Priority="68" SemiHidden="false"\nUnhideWhenUsed="false" Name="Medium Grid 2 Accent 6" />\n<w:LsdException Locked="false" Priority="69" SemiHidden="false"\nUnhideWhenUsed="false" Name="Medium Grid 3 Accent 6" />\n<w:LsdException Locked="false" Priority="70" SemiHidden="false"\nUnhideWhenUsed="false" Name="Dark List Accent 6" />\n<w:LsdException Locked="false" Priority="71" SemiHidden="false"\nUnhideWhenUsed="false" Name="Colorful Shading Accent 6" />\n<w:LsdException Locked="false" Priority="72" SemiHidden="false"\nUnhideWhenUsed="false" Name="Colorful List Accent 6" />\n<w:LsdException Locked="false" Priority="73" SemiHidden="false"\nUnhideWhenUsed="false" Name="Colorful Grid Accent 6" />\n<w:LsdException Locked="false" Priority="19" SemiHidden="false"\nUnhideWhenUsed="false" QFormat="true" Name="Subtle Emphasis" />\n<w:LsdException Locked="false" Priority="21" SemiHidden="false"\nUnhideWhenUsed="false" QFormat="true" Name="Intense Emphasis" />\n<w:LsdException Locked="false" Priority="31" SemiHidden="false"\nUnhideWhenUsed="false" QFormat="true" Name="Subtle Reference" />\n<w:LsdException Locked="false" Priority="32" SemiHidden="false"\nUnhideWhenUsed="false" QFormat="true" Name="Intense Reference" />\n<w:LsdException Locked="false" Priority="33" SemiHidden="false"\nUnhideWhenUsed="false" QFormat="true" Name="Book Title" />\n<w:LsdException Locked="false" Priority="37" Name="Bibliography" />\n<w:LsdException Locked="false" Priority="39" QFormat="true" Name="TOC Heading" />\n</w:LatentStyles>\n</xml><![endif]--><!--[if gte mso 10]>\n<style>\n/* Style Definitions */\ntable.MsoNormalTable\n{mso-style-name:"Table Normal";\nmso-tstyle-rowband-size:0;\nmso-tstyle-colband-size:0;\nmso-style-noshow:yes;\nmso-style-priority:99;\nmso-style-qformat:yes;\nmso-style-parent:"";\nmso-padding-alt:0in 5.4pt 0in 5.4pt;\nmso-para-margin-top:0in;\nmso-para-margin-right:0in;\nmso-para-margin-bottom:10.0pt;\nmso-para-margin-left:0in;\nline-height:115%;\nmso-pagination:widow-orphan;\nfont-size:11.0pt;\nfont-family:"Calibri","sans-serif";\nmso-ascii-font-family:Calibri;\nmso-ascii-theme-font:minor-latin;\nmso-fareast-font-family:"Times New Roman";\nmso-fareast-theme-font:minor-fareast;\nmso-hansi-font-family:Calibri;\nmso-hansi-theme-font:minor-latin;}\n</style>\n<![endif]--></p>', 0, 1);
INSERT INTO `pages` VALUES(8, 'How it works', 'How it works', 'How it works', 'How it works', 'How it works', 'How it works', '<p>Comming Soon</p>\n<p>&nbsp;</p>', 0, 1);
INSERT INTO `pages` VALUES(9, 'Information Center', 'Information Center', 'Information Center', 'Information Center', 'Information Center', 'Information Center', '<p>Information Center- Comming Soon.</p>\n<p>&nbsp;</p>', 0, 1);
INSERT INTO `pages` VALUES(10, 'Support Center', 'Support Center', 'Support Center', 'Support Center', 'Support Center', 'Support Center', '<p>Support Center -&nbsp;Comming Soon</p>\n<p>&nbsp;</p>', 0, 1);
INSERT INTO `pages` VALUES(11, 'Mission and Values', 'Mission and Values', 'Mission and Values', 'Mission and Values', 'Mission and Values', 'Mission and Values', '<p>Mission and Values - Comming Soon...</p>\n<p>&nbsp;</p>', 0, 1);
INSERT INTO `pages` VALUES(12, 'Privacy Policy', 'Privacy Policy', 'Privacy Policy', 'Privacy Policy', 'Privacy Policy', 'Privacy Policy', '<p>Privacy Policy - Comming Soon</p>\n<p>&nbsp;</p>', 0, 1);
INSERT INTO `pages` VALUES(13, 'Terms & Conditions', 'Terms & Conditions', 'Terms & Conditions', 'Terms & Conditions', 'Terms & Conditions', 'Terms & Conditions', '<p>Terms &amp; Conditions- Comming Soon...</p>', 0, 1);
INSERT INTO `pages` VALUES(14, 'Affiliates', 'Affiliates', 'Affiliates', 'Affiliates', 'Affiliates', 'Affiliates', '<p>Affiliates- Comming Soon...</p>', 0, 1);
INSERT INTO `pages` VALUES(15, 'Financial', 'Financial', 'Financial', 'Financial', 'Financial', 'Financial', '<p>Financial - Comming Soon</p>\n<p>&nbsp;</p>\n<p>&nbsp;</p>', 0, 1);

-- --------------------------------------------------------

--
-- Table structure for table `payment`
--

CREATE TABLE `payment` (
  `payment_id` int(11) NOT NULL auto_increment,
  `user_id` int(11) NOT NULL,
  `payment_source` varchar(255) NOT NULL,
  `payment_method` varchar(255) NOT NULL,
  `amount` varchar(10) NOT NULL,
  `payment_date` datetime NOT NULL,
  `transaction_id` varchar(255) NOT NULL,
  `transaction_date` datetime NOT NULL,
  `payment_status` tinyint(1) NOT NULL,
  `payername` varchar(255) NOT NULL,
  `payerlastname` varchar(255) NOT NULL,
  PRIMARY KEY  (`payment_id`)
) ENGINE=InnoDB DEFAULT CHARSET=latin1 AUTO_INCREMENT=1 ;

--
-- Dumping data for table `payment`
--


-- --------------------------------------------------------

--
-- Table structure for table `projects`
--

CREATE TABLE `projects` (
  `id` bigint(20) NOT NULL auto_increment,
  `title` varchar(512) NOT NULL,
  `slug` varchar(512) NOT NULL,
  `description` longtext NOT NULL,
  `author` bigint(20) NOT NULL,
  `date` datetime NOT NULL,
  `status` int(2) NOT NULL,
  `docFile` varchar(255) NOT NULL,
  `imgFile` varchar(255) NOT NULL,
  PRIMARY KEY  (`id`)
) ENGINE=MyISAM  DEFAULT CHARSET=latin1 AUTO_INCREMENT=16 ;

--
-- Dumping data for table `projects`
--

INSERT INTO `projects` VALUES(12, 'Outsourcing service', 'outsourcing-service', 'Outsourcing service', 18, '2013-03-24 09:56:18', 0, '', '');
INSERT INTO `projects` VALUES(11, 'My secont Project', 'my-secont-project', 'My secont Project1', 12, '2013-03-19 10:12:34', 1, '', '');
INSERT INTO `projects` VALUES(4, 'My secont Project', 'my-secont-project', 'My secont Project My secont Project\nMy secont Project\nMy secont Project', 11, '2013-03-19 10:13:22', 0, '', '');
INSERT INTO `projects` VALUES(5, 'My secont Project', 'my-secont-project', 'My secont Project', 12, '2013-03-19 10:21:14', 1, '', '');
INSERT INTO `projects` VALUES(13, 'Testing Project', 'Testing Project', 'Testing Project', 12, '2013-03-25 11:03:15', 1, '110315Children-are-like-wet-cement.-Whatever-falls-on-them-makes-an-impression.-Early-Childhood-Education-Quotes.jpg', '110315Daily_Inspirational_Quotes.jpg');
INSERT INTO `projects` VALUES(15, 'This os test', 'this is test', 'This test by manish', 20, '2013-03-25 11:37:43', 1, '113743BAJA_14_Schedule.pptx', '113742birth.jpg');

-- --------------------------------------------------------

--
-- Table structure for table `projects_data`
--

CREATE TABLE `projects_data` (
  `id` bigint(20) NOT NULL auto_increment,
  `project_id` bigint(20) NOT NULL,
  `data_field` varchar(512) NOT NULL,
  `data_value` longtext NOT NULL,
  PRIMARY KEY  (`id`)
) ENGINE=MyISAM  DEFAULT CHARSET=latin1 AUTO_INCREMENT=5 ;

--
-- Dumping data for table `projects_data`
--

INSERT INTO `projects_data` VALUES(4, 12, 'minimum_investment', '2000-5000');
INSERT INTO `projects_data` VALUES(3, 7, 'minimum_investment', '2000-5000');

-- --------------------------------------------------------

--
-- Table structure for table `user`
--

CREATE TABLE `user` (
  `id` bigint(20) NOT NULL auto_increment,
  `user_name` varchar(256) character set latin1 NOT NULL,
  `user_email` varchar(256) character set latin1 NOT NULL,
  `password` varchar(256) character set latin1 NOT NULL,
  `status` int(10) NOT NULL,
  `joining_date` datetime NOT NULL,
  `user_type` varchar(128) character set latin1 NOT NULL,
  `is_admin` tinyint(4) NOT NULL default '0' COMMENT '0 for normal user, 1 for admin',
  PRIMARY KEY  (`id`)
) ENGINE=MyISAM  DEFAULT CHARSET=utf8 AUTO_INCREMENT=24 ;

--
-- Dumping data for table `user`
--

INSERT INTO `user` VALUES(23, 'Gabriel Goldenberg', 'gmgoldenberg@gmail.com', '40be4e59b9a2a2b5dffb918c0e86b3d7', 2, '2013-03-29 12:02:15', 'investor', 0);
INSERT INTO `user` VALUES(21, 'Satya', 'technicalsupport@firebirdspeed.com', 'b56e0b4ea4962283bee762525c2d490f', 1, '2013-03-25 03:54:12', 'company', 0);
INSERT INTO `user` VALUES(11, 'Sanjay jain', 'spatidar@matictechnology.com', '133987b0b6ad0c01fc0ccbdae1b95449', 1, '2013-03-18 10:26:18', 'company', 0);
INSERT INTO `user` VALUES(12, 'admin', 'admin@admin.com', '21232f297a57a5a743894a0e4a801fc3', 1, '2013-03-21 00:00:00', 'admin', 1);
INSERT INTO `user` VALUES(18, 'Satya', 'prosatya@gmail.com', '02c75fb22c75b23dc963c7eb91a062cc', 1, '2013-03-22 12:29:41', 'company', 0);

-- --------------------------------------------------------

--
-- Table structure for table `user_data`
--

CREATE TABLE `user_data` (
  `id` bigint(20) NOT NULL auto_increment,
  `user_id` bigint(20) NOT NULL,
  `data_field` varchar(256) character set latin1 NOT NULL,
  `data_value` text character set latin1 NOT NULL,
  `display_public` int(2) NOT NULL,
  PRIMARY KEY  (`id`)
) ENGINE=MyISAM  DEFAULT CHARSET=utf8 AUTO_INCREMENT=31 ;

--
-- Dumping data for table `user_data`
--

INSERT INTO `user_data` VALUES(13, 20, 'email_varification_code', 'yveS0SBO8TNWaSFb', 0);
INSERT INTO `user_data` VALUES(2, 8, 'email_varification_code', '1rZTBcX1vumc88wR', 0);
INSERT INTO `user_data` VALUES(11, 18, 'email_varification_code', 'EF7OHNpgofElpmIH', 0);
INSERT INTO `user_data` VALUES(12, 19, 'email_varification_code', 'lYN3mKL7Kegb1hX8', 0);
INSERT INTO `user_data` VALUES(5, 11, 'email_varification_code', 'oMoBi9qZewHoa1V7', 0);
INSERT INTO `user_data` VALUES(6, 12, 'email_varification_code', 'c2754fPLYHKJZYMh', 0);
INSERT INTO `user_data` VALUES(14, 21, 'email_varification_code', 'TpzMDujhebATidln', 0);
INSERT INTO `user_data` VALUES(15, 22, 'email_varification_code', 'VAE2vMqGHMmRzteP', 0);
INSERT INTO `user_data` VALUES(16, 23, 'email_varification_code', 'gw5ih2hFfd8uatq4', 0);
INSERT INTO `user_data` VALUES(17, 23, 'about_me', 'I am a big investor', 1);
INSERT INTO `user_data` VALUES(18, 23, 'contact_address', '1414 Kings Highway', 2);
INSERT INTO `user_data` VALUES(19, 23, 'contact_number', '3478712344', 1);
INSERT INTO `user_data` VALUES(21, 23, 'skype', 'gmgoldenberg', 2);
INSERT INTO `user_data` VALUES(23, 23, 'vk', '', 1);
INSERT INTO `user_data` VALUES(24, 23, 'od', '', 1);
INSERT INTO `user_data` VALUES(25, 23, 'linkedIn', '', 1);
INSERT INTO `user_data` VALUES(26, 23, 'company_url', 'www.kpcb.com', 1);
INSERT INTO `user_data` VALUES(27, 23, 'company_description', 'People know us. We are kind of a big deal.', 1);
INSERT INTO `user_data` VALUES(28, 23, 'course_interested', 'yes', 1);
INSERT INTO `user_data` VALUES(29, 23, 'upload_photo', 'tomperkins.190_.jpg', 1);
INSERT INTO `user_data` VALUES(30, 23, 'company_reg_doc', '1336.pdf', 1);
